3.12,  ,
3.12,  ,
3.12,  ,
3.12,  ,
3.12,  ,
3.12,  ,
3.12,  ,
3.12,  ,
3.12,  ,
3.12,  ,
3.13,  ,
3.13,  ,
3.13,  ,
3.13,  ,
3.13,  ,
3.13,  ,
3.13,  ,
3.13,  ,
3.13,  ,
3.13,  ,
3.14,  ,
3.14,  ,
3.14,  ,
3.14,116.78,265.67
3.14,116.88,265.78
3.14,116.92,265.85
3.14,117.02,265.96
3.14,117.11,266.08
3.14,117.16,266.13
3.14,117.26,266.24
3.15,117.35,266.36
3.15,117.45,266.47
3.15,117.5,266.53
3.15,117.59,266.65
3.15,117.69,266.76
3.15,117.73,266.81
3.15,117.83,266.93
3.15,117.92,267.04
3.15,117.97,267.10
3.15,118.07,267.22
3.16,118.16,267.33
3.16,118.26,267.45
3.16,118.31,267.50
3.16,118.4,267.61
3.16,118.5,267.73
3.16,118.54,267.79
3.16,118.64,267.91
3.16,118.74,268.02
3.16,118.78,268.07
3.16,118.88,268.19
3.17,118.97,268.30
3.17,119.02,268.36
3.17,119.12,268.48
3.17,119.21,268.59
3.17,119.31,268.71
3.17,119.36,268.76
3.17,119.45,268.87
3.17,119.55,268.99
3.17,119.59,269.05
3.17,119.69,269.16
3.18,119.78,269.28
3.18,119.83,269.33
3.18,119.93,269.44
3.18,120.02,269.56
3.18,120.12,269.67
3.18,120.17,269.73
3.18,120.26,269.85
3.18,120.36,269.96
3.18,120.4,270.02
3.18,120.5,270.13
3.19,120.58,270.21
3.19,120.63,270.26
3.19,120.71,270.35
3.19,120.79,270.43
3.19,120.84,270.47
3.19,120.92,270.55
3.19,121,270.63
3.19,121.09,270.72
3.19,121.13,270.77
3.19,121.21,270.85
3.2,121.3,270.93
3.2,121.34,270.97
3.2,121.42,271.06
3.2,121.51,271.14
3.2,121.55,271.19
3.2,121.63,271.27
3.2,121.72,271.35
3.2,121.8,271.43
3.2,121.84,271.48
3.2,121.93,271.57
3.21,122.01,271.65
3.21,122.05,271.69
3.21,122.14,271.77
3.21,122.22,271.86
3.21,122.26,271.90
3.21,122.35,271.99
3.21,122.39,272.03
3.21,122.47,272.11
3.21,122.56,272.19
3.21,122.6,272.23
3.22,122.68,272.32
3.22,122.77,272.41
3.22,122.81,272.45
3.22,122.89,272.53
3.22,122.93,272.57
3.22,123.02,272.65
3.22,123.1,272.74
3.22,123.14,272.79
3.22,123.23,272.87
3.22,123.27,272.91
3.23,123.35,272.99
3.23,123.44,273.08
3.23,123.48,273.12
3.23,123.56,273.21
3.23,123.65,273.29
3.23,123.69,273.33
3.23,123.78,273.43
3.23,123.83,273.48
3.23,123.92,273.59
3.23,124.02,273.70
3.24,124.07,273.75
3.24,124.16,273.86
3.24,124.26,273.97
3.24,124.31,274.02
3.24,124.4,274.13
3.24,124.45,274.19
3.24,124.55,274.30
3.24,124.65,274.39
3.24,124.69,274.44
3.24,124.79,274.55
3.25,124.84,274.61
3.25,124.93,274.72
3.25,125.03,274.82
3.25,125.08,274.88
3.25,125.17,274.99
3.25,125.27,275.10
3.25,125.32,275.15
3.25,125.42,275.26
3.25,125.46,275.31
3.25,125.56,275.42
3.26,125.7,275.58
3.26,125.8,275.69
3.26,125.95,275.85
3.26,126.04,275.96
3.26,126.19,276.13
3.26,126.28,276.23
3.26,126.43,276.40
3.26,126.52,276.49
3.26,126.67,276.65
3.26,126.76,276.76
3.27,126.91,276.93
3.27,127,277.03
3.27,127.15,277.20
3.27,127.25,277.31
3.27,127.39,277.47
3.27,127.51,277.62
3.27,127.58,277.71
3.27,127.7,277.86
3.27,127.78,277.96
3.27,127.89,278.09
3.28,127.97,278.20
3.28,128.08,278.34
3.28,128.16,278.43
3.28,128.28,278.58
3.28,128.35,278.67
3.28,128.47,278.82
3.28,128.55,278.92
3.28,128.66,279.07
3.28,128.74,279.16
3.28,128.85,279.31
3.29,128.93,279.41
3.29,129.05,279.56
3.29,129.12,279.65
3.29,129.24,279.80
3.29,129.32,279.90
3.29,129.43,280.03
3.29,129.51,280.14
3.29,129.59,280.23
3.29,129.7,280.37
3.29,129.78,280.48
3.3,129.89,280.61
3.3,129.97,280.71
3.3,130.05,280.82
3.3,130.16,280.95
3.3,130.24,281.05
3.3,130.36,281.20
3.3,130.44,281.31
3.3,130.56,281.45
3.3,130.64,281.55
3.3,130.72,281.66
3.31,130.84,281.81
3.31,130.92,281.90
3.31,131.04,282.05
3.31,131.12,282.16
3.31,131.2,282.25
3.31,131.32,282.40
3.31,131.4,282.51
3.31,131.52,282.66
3.31,131.6,282.76
3.31,131.72,282.90
3.32,131.79,283.01
3.32,131.87,283.11
3.32,131.99,283.26
3.32,132.07,283.37
3.32,132.19,283.52
3.32,132.27,283.61
3.32,132.35,283.72
3.32,132.47,283.87
3.32,132.55,283.96
3.32,132.63,284.07
3.33,132.75,284.22
3.33,132.83,284.32
3.33,132.95,284.46
3.33,133.03,284.57
3.33,133.11,284.67
3.33,133.23,284.82
3.33,133.32,284.94
3.33,133.46,285.14
3.33,133.56,285.26
3.33,133.66,285.40
3.34,133.8,285.60
3.34,133.9,285.74
3.34,134.04,285.93
3.34,134.14,286.06
3.34,134.23,286.20
3.34,134.38,286.40
3.34,134.48,286.54
3.34,134.57,286.66
3.34,134.72,286.86
3.34,134.81,287.00
3.35,134.96,287.20
3.35,135.06,287.32
3.35,135.15,287.46
3.35,135.3,287.66
3.35,135.39,287.80
3.35,135.49,287.94
3.35,135.63,288.12
3.35,135.73,288.26
3.35,135.83,288.40
3.35,135.97,288.60
3.36,136.07,288.73
3.36,136.16,288.86
3.36,136.26,288.99
3.36,136.41,289.20
3.36,136.5,289.33
3.36,136.6,289.45
3.36,136.74,289.66
3.36,136.84,289.79
3.36,136.94,289.94
3.36,137.1,290.16
3.37,137.21,290.31
3.37,137.31,290.44
3.37,137.47,290.66
3.37,137.57,290.81
3.37,137.68,290.96
3.37,137.83,291.18
3.37,137.94,291.32
3.37,138.04,291.47
3.37,138.15,291.61
3.37,138.31,291.83
3.38,138.41,291.98
3.38,138.51,292.12
3.38,138.67,292.34
3.38,138.78,292.49
3.38,138.88,292.63
3.38,139.04,292.86
3.38,139.14,292.99
3.38,139.25,293.14
3.38,139.4,293.36
3.38,139.51,293.51
3.39,139.61,293.66
3.39,139.77,293.87
3.39,139.88,294.01
3.39,140.03,294.24
3.39,140.14,294.38
3.39,140.24,294.52
3.39,140.4,294.74
3.39,140.5,294.89
3.39,140.61,295.04
3.39,140.78,295.27
3.4,140.89,295.45
3.4,141.01,295.61
3.4,141.19,295.85
3.4,141.3,296.03
3.4,141.42,296.19
3.4,141.59,296.45
3.4,141.71,296.61
3.4,141.89,296.86
3.4,142,297.03
3.4,142.12,297.20
3.41,142.29,297.45
3.41,142.41,297.62
3.41,142.53,297.78
3.41,142.7,298.04
3.41,142.82,298.20
3.41,142.94,298.36
3.41,143.11,298.62
3.41,143.23,298.78
3.41,143.34,298.96
3.41,143.46,299.12
3.42,143.64,299.36
3.42,143.75,299.54
3.42,143.87,299.70
3.42,143.99,299.87
3.42,144.16,300.12
3.42,144.28,300.29
3.42,144.39,300.46
3.42,144.51,300.63
3.42,144.69,300.87
3.42,144.8,301.05
3.43,144.92,301.21
3.43,145.05,301.40
3.43,145.25,301.70
3.43,145.39,301.90
3.43,145.52,302.09
3.43,145.65,302.29
3.43,145.85,302.58
3.43,145.99,302.78
3.43,146.12,302.97
3.43,146.25,303.17
3.44,146.45,303.46
3.44,146.59,303.66
3.44,146.72,303.85
3.44,146.85,304.06
3.44,147.05,304.35
3.44,147.19,304.54
3.44,147.32,304.73
3.44,147.45,304.94
3.44,147.59,305.13
3.44,147.79,305.43
3.45,147.92,305.63
3.45,148.05,305.82
3.45,148.19,306.02
3.45,148.32,306.21
3.45,148.45,306.41
3.45,148.65,306.70
3.45,148.79,306.90
3.45,148.92,307.09
3.45,149.05,307.30
3.45,149.19,307.49
3.46,149.39,307.78
3.46,149.52,307.97
3.46,149.65,308.18
3.46,149.79,308.37
3.46,149.92,308.57
3.46,150.06,308.76
3.46,150.26,309.06
3.46,150.4,309.25
3.46,150.53,309.45
3.46,150.67,309.64
3.47,150.81,309.85
3.47,151.01,310.14
3.47,151.15,310.33
3.47,151.28,310.54
3.47,151.42,310.73
3.47,151.55,310.92
3.47,151.69,311.12
3.47,151.89,311.42
3.47,152.03,311.61
3.47,152.16,311.81
3.48,152.3,312.00
3.48,152.44,312.20
3.48,152.57,312.39
3.48,152.77,312.69
3.48,152.91,312.88
3.48,153.05,313.09
3.48,153.18,313.28
3.48,153.32,313.48
3.48,153.45,313.67
3.48,153.66,313.97
3.49,153.79,314.16
3.49,153.93,314.36
3.49,154.06,314.55
3.49,154.2,314.75
3.49,154.34,314.94
3.49,154.47,315.15
3.49,154.67,315.43
3.49,154.81,315.62
3.49,154.94,315.81
3.49,155.08,315.99
3.5,155.21,316.18
3.5,155.34,316.37
3.5,155.48,316.56
3.5,155.68,316.84
3.5,155.81,317.03
3.5,155.95,317.22
3.5,156.08,317.40
3.5,156.22,317.59
3.5,156.35,317.78
3.5,156.55,318.06
3.51,156.69,318.25
3.51,156.82,318.44
3.51,156.95,318.62
3.51,157.09,318.81
3.51,157.22,319.00
3.51,157.36,319.19
3.51,157.49,319.38
3.51,157.69,319.66
3.51,157.83,319.85
3.51,157.96,320.03
3.52,158.09,320.22
3.52,158.23,320.41
3.52,158.36,320.60
3.52,158.5,320.79
3.52,158.63,320.98
3.52,158.83,321.25
3.52,158.96,321.44
3.52,159.1,321.63
3.52,159.23,321.82
3.52,159.37,322.01
3.53,159.5,322.18
3.53,159.63,322.36
3.53,159.77,322.54
3.53,159.96,322.81
3.53,160.1,323.00
3.53,160.23,323.17
3.53,160.36,323.35
3.53,160.5,323.53
3.53,160.63,323.72
3.53,160.76,323.89
3.54,160.89,324.07
3.54,161.09,324.34
3.54,161.23,324.52
3.54,161.36,324.69
3.54,161.49,324.88
3.54,161.62,325.06
3.54,161.76,325.23
3.54,161.89,325.42
3.54,162.02,325.60
3.54,162.16,325.78
3.55,162.36,326.05
3.55,162.49,326.22
3.55,162.62,326.40
3.55,162.75,326.59
3.55,162.89,326.77
3.55,163.02,326.94
3.55,163.15,327.12
3.55,163.29,327.31
3.55,163.48,327.58
3.55,163.62,327.76
3.56,163.75,327.93
3.56,163.88,328.11
3.56,164.02,328.30
3.56,164.16,328.49
3.56,164.3,328.66
3.56,164.44,328.85
3.56,164.65,329.14
3.56,164.79,329.33
3.56,164.93,329.50
3.56,165.07,329.69
3.57,165.2,329.88
3.57,165.34,330.07
3.57,165.48,330.25
3.57,165.62,330.44
3.57,165.83,330.72
3.57,165.97,330.91
3.57,166.11,331.09
3.57,166.25,331.28
3.57,166.39,331.47
3.57,166.53,331.66
3.58,166.67,331.84
3.58,166.81,332.03
3.58,166.95,332.22
3.58,167.09,332.41
3.58,167.23,332.60
3.58,167.37,332.77
3.58,167.51,332.96
3.58,167.64,333.15
3.58,167.78,333.34
3.58,167.92,333.52
3.59,168.06,333.71
3.59,168.2,333.90
3.59,168.34,334.09
3.59,168.48,334.26
3.59,168.62,334.45
3.59,168.83,334.72
3.59,168.96,334.90
3.59,169.09,335.08
3.59,169.23,335.24
3.59,169.36,335.42
3.6,169.49,335.59
3.6,169.63,335.75
3.6,169.76,335.93
3.6,169.9,336.09
3.6,170.03,336.27
3.6,170.16,336.45
3.6,170.3,336.61
3.6,170.43,336.79
3.6,170.56,336.96
3.6,170.7,337.12
3.61,170.83,337.30
3.61,170.96,337.48
3.61,171.1,337.64
3.61,171.23,337.82
3.61,171.37,337.98
3.61,171.5,338.15
3.61,171.63,338.33
3.61,171.77,338.49
3.61,171.9,338.67
3.61,172.03,338.85
3.62,172.17,339.01
3.62,172.3,339.18
3.62,172.43,339.36
3.62,172.57,339.52
3.62,172.7,339.70
3.62,172.84,339.86
3.62,172.97,340.04
3.62,173.1,340.22
3.62,173.24,340.38
3.62,173.37,340.55
3.63,173.49,340.69
3.63,173.6,340.83
3.63,173.72,340.96
3.63,173.83,341.08
3.63,173.95,341.22
3.63,174.07,341.35
3.63,174.18,341.49
3.63,174.3,341.63
3.63,174.42,341.76
3.63,174.53,341.90
3.64,174.65,342.02
3.64,174.76,342.15
3.64,174.88,342.29
3.64,175,342.43
3.64,175.11,342.56
3.64,175.23,342.70
3.64,175.34,342.83
3.64,175.46,342.95
3.64,175.58,343.09
3.64,175.69,343.23
3.65,175.81,343.36
3.65,175.93,343.50
3.65,176.04,343.63
3.65,176.16,343.75
3.65,176.27,343.89
3.65,176.33,343.96
3.65,176.45,344.09
3.65,176.56,344.23
3.65,176.68,344.36
3.65,176.8,344.50
3.66,176.91,344.64
3.66,177.03,344.76
3.66,177.15,344.89
3.66,177.26,345.03
3.66,177.38,345.16
3.66,177.49,345.29
3.66,177.6,345.41
3.66,177.72,345.53
3.66,177.83,345.65
3.66,177.94,345.77
3.67,178.06,345.90
3.67,178.17,346.03
3.67,178.28,346.15
3.67,178.34,346.21
3.67,178.45,346.33
3.67,178.57,346.45
3.67,178.68,346.59
3.67,178.79,346.71
3.67,178.91,346.83
3.67,179.02,346.95
3.68,179.13,347.08
3.68,179.25,347.20
3.68,179.36,347.32
3.68,179.48,347.46
3.68,179.59,347.58
3.68,179.7,347.70
3.68,179.82,347.82
3.68,179.93,347.94
3.68,180.04,348.07
3.68,180.16,348.19
3.69,180.27,348.31
3.69,180.38,348.45
3.69,180.5,348.57
3.69,180.61,348.69
3.69,180.72,348.81
3.69,180.84,348.93
3.69,180.95,349.06
3.69,181.06,349.18
3.69,181.16,349.29
3.69,181.21,349.31
3.7,181.3,349.39
3.7,181.39,349.46
3.7,181.47,349.53
3.7,181.56,349.61
3.7,181.65,349.68
3.7,181.74,349.76
3.7,181.83,349.83
3.7,181.92,349.90
3.7,182.01,349.98
3.7,182.1,350.05
3.71,182.18,350.11
3.71,182.27,350.19
3.71,182.36,350.26
3.71,182.45,350.34
3.71,182.54,350.41
3.71,182.63,350.48
3.71,182.72,350.56
3.71,182.8,350.63
3.71,182.89,350.70
3.71,182.98,350.78
3.72,183.07,350.85
3.72,183.16,350.93
3.72,183.25,350.99
3.72,183.34,351.06
3.72,183.38,351.10
3.72,183.47,351.17
3.72,183.56,351.25
3.72,183.65,351.32
3.72,183.74,351.40
3.72,183.82,351.47
3.73,183.91,351.54
3.73,184,351.62
3.73,184.09,351.69
3.73,184.16,351.73
3.73,184.24,351.78
3.73,184.31,351.82
3.73,184.39,351.86
3.73,184.46,351.90
3.73,184.54,351.96
3.73,184.61,352.00
3.74,184.69,352.04
3.74,184.72,352.07
3.74,184.8,352.11
3.74,184.87,352.15
3.74,184.95,352.20
3.74,185.02,352.24
3.74,185.1,352.28
3.74,185.17,352.32
3.74,185.25,352.38
3.74,185.32,352.42
3.75,185.39,352.46
3.75,185.47,352.51
3.75,185.54,352.55
3.75,185.62,352.59
3.75,185.66,352.62
3.75,185.73,352.66
3.75,185.8,352.70
3.75,185.88,352.76
3.75,185.95,352.80
3.75,186.03,352.84
3.76,186.1,352.88
3.76,186.18,352.93
3.76,186.25,352.97
3.76,186.29,353.00
3.76,186.36,353.04
3.76,186.44,353.08
3.76,186.51,353.12
3.76,186.59,353.18
3.76,186.67,353.23
3.76,186.75,353.29
3.77,186.83,353.34
3.77,186.87,353.37
3.77,186.95,353.42
3.77,187.03,353.48
3.77,187.11,353.53
3.77,187.19,353.58
3.77,187.27,353.64
3.77,187.35,353.69
3.77,187.43,353.75
3.77,187.51,353.80
3.78,187.55,353.83
3.78,187.63,353.88
3.78,187.71,353.94
3.78,187.79,353.99
3.78,187.88,354.03
3.78,187.96,354.09
3.78,188.04,354.14
3.78,188.12,354.19
3.78,188.2,354.25
3.78,188.28,354.30
3.79,188.32,354.33
3.79,188.4,354.38
3.79,188.48,354.44
3.79,188.56,354.49
3.79,188.64,354.55
3.79,188.72,354.60
3.79,188.8,354.65
3.79,188.88,354.71
3.79,188.96,354.76
3.79,189.04,354.82
3.8,189.12,354.87
3.8,189.2,354.93
3.8,189.24,354.95
3.8,189.32,354.99
3.8,189.4,355.05
3.8,189.48,355.10
3.8,189.56,355.14
3.8,189.63,355.20
3.8,189.71,355.25
3.8,189.79,355.29
3.81,189.87,355.35
3.81,189.95,355.40
3.81,190.03,355.44
3.81,190.07,355.47
3.81,190.15,355.52
3.81,190.23,355.56
3.81,190.31,355.62
3.81,190.39,355.67
3.81,190.46,355.71
3.81,190.54,355.77
3.82,190.62,355.82
3.82,190.7,355.86
3.82,190.78,355.92
3.82,190.86,355.97
3.82,190.94,356.01
3.82,191.02,356.06
3.82,191.1,356.12
3.82,191.18,356.16
3.82,191.26,356.21
3.82,191.33,356.27
3.83,191.41,356.31
3.83,191.49,356.36
3.83,191.57,356.42
3.83,191.65,356.46
3.83,191.73,356.51
3.83,191.76,356.53
3.83,191.82,356.54
3.83,191.89,356.57
3.83,191.95,356.58
3.83,192.01,356.61
3.84,192.08,356.62
3.84,192.14,356.63
3.84,192.2,356.66
3.84,192.26,356.68
3.84,192.33,356.70
3.84,192.39,356.72
3.84,192.45,356.74
3.84,192.51,356.76
3.84,192.58,356.78
3.84,192.64,356.80
3.85,192.7,356.81
3.85,192.77,356.84
3.85,192.83,356.85
3.85,192.89,356.88
3.85,192.95,356.89
3.85,193.02,356.92
3.85,193.05,356.92
3.85,193.11,356.95
3.85,193.17,356.96
3.85,193.24,356.99
3.86,193.3,357.00
3.86,193.36,357.03
3.86,193.42,357.04
3.86,193.49,357.05
3.86,193.52,357.07
3.86,193.58,357.10
3.86,193.64,357.11
3.86,193.71,357.14
3.86,193.77,357.15
3.86,193.83,357.16
3.87,193.89,357.18
3.87,193.95,357.19
3.87,194.01,357.20
3.87,194.04,357.20
3.87,194.1,357.22
3.87,194.16,357.23
3.87,194.22,357.24
3.87,194.28,357.26
3.87,194.34,357.27
3.87,194.4,357.29
3.88,194.46,357.30
3.88,194.49,357.31
3.88,194.55,357.33
3.88,194.61,357.34
3.88,194.67,357.35
3.88,194.74,357.37
3.88,194.8,357.38
3.88,194.86,357.39
3.88,194.92,357.41
3.88,194.98,357.42
3.89,195.04,357.43
3.89,195.07,357.43
3.89,195.13,357.45
3.89,195.19,357.46
3.89,195.25,357.47
3.89,195.31,357.49
3.89,195.37,357.50
3.89,195.43,357.52
3.89,195.49,357.53
3.89,195.55,357.54
3.9,195.61,357.56
3.9,195.67,357.57
3.9,195.7,357.57
3.9,195.74,357.57
3.9,195.8,357.56
3.9,195.84,357.56
3.9,195.9,357.56
3.9,195.94,357.56
3.9,196,357.54
3.9,196.04,357.54
3.91,196.1,357.54
3.91,196.14,357.54
3.91,196.2,357.53
3.91,196.22,357.53
3.91,196.27,357.53
3.91,196.32,357.53
3.91,196.37,357.53
3.91,196.42,357.52
3.91,196.47,357.52
3.91,196.52,357.52
3.92,196.57,357.50
3.92,196.62,357.50
3.92,196.64,357.50
3.92,196.7,357.50
3.92,196.74,357.50
3.92,196.8,357.49
3.92,196.84,357.49
3.92,196.9,357.49
3.92,196.94,357.49
3.92,196.97,357.47
3.93,197.02,357.47
3.93,197.07,357.47
3.93,197.12,357.47
3.93,197.17,357.46
3.93,197.22,357.46
3.93,197.27,357.46
3.93,197.29,357.45
3.93,197.32,357.41
3.93,197.35,357.37
3.93,197.38,357.33
3.94,197.42,357.30
3.94,197.45,357.26
3.94,197.47,357.24
3.94,197.5,357.20
3.94,197.53,357.16
3.94,197.56,357.12
3.94,197.6,357.10
3.94,197.63,357.05
3.94,197.66,357.01
3.94,197.68,357.00
3.95,197.71,356.96
3.95,197.74,356.92
3.95,197.78,356.89
3.95,197.81,356.85
3.95,197.84,356.81
3.95,197.87,356.77
3.95,197.91,356.74
3.95,197.94,356.70
3.95,197.97,356.66
3.95,198,356.62
3.96,198.04,356.59
3.96,198.05,356.57
3.96,198.08,356.53
3.96,198.12,356.50
3.96,198.15,356.46
3.96,198.18,356.42
3.96,198.21,356.38
3.96,198.25,356.35
3.96,198.28,356.31
3.96,198.32,356.30
3.97,198.37,356.27
3.97,198.41,356.25
3.97,198.45,356.24
3.97,198.49,356.21
3.97,198.54,356.20
3.97,198.58,356.19
3.97,198.62,356.16
3.97,198.64,356.16
3.97,198.68,356.13
3.97,198.73,356.12
3.98,198.77,356.11
3.98,198.81,356.08
3.98,198.85,356.06
3.98,198.9,356.05
3.98,198.94,356.04
3.98,198.98,356.01
3.98,199.03,356.00
3.98,199.07,355.98
3.98,199.11,355.96
3.98,199.13,355.96
3.99,199.17,355.93
3.99,199.22,355.92
3.99,199.26,355.90
3.99,199.3,355.88
3.99,199.34,355.86
3.99,199.39,355.85
3.99,199.43,355.82
3.99,199.45,355.82
3.99,199.49,355.79
3.99,199.54,355.78
4,199.58,355.77
4,199.62,355.75
4,199.67,355.74
4,199.71,355.73
4,199.76,355.71
4,199.78,355.70
4,199.82,355.69
4,199.87,355.69
4,199.91,355.67
4,199.96,355.66
4.01,200,355.64
4.01,200.05,355.63
4.01,200.09,355.62
4.01,200.12,355.62
4.01,200.16,355.60
4.01,200.21,355.59
4.01,200.25,355.58
4.01,200.3,355.56
4.01,200.32,355.56
4.01,200.36,355.55
4.02,200.38,355.54
4.02,200.41,355.54
4.02,200.45,355.52
4.02,200.47,355.51
4.02,200.5,355.51
4.02,200.54,355.50
4.02,200.56,355.50
4.02,200.59,355.48
4.02,200.63,355.47
4.02,200.65,355.47
4.03,200.68,355.45
4.03,200.7,355.45
4.03,200.74,355.44
4.03,200.77,355.44
4.03,200.79,355.43
4.03,200.83,355.41
4.03,200.86,355.41
4.03,200.88,355.40
4.03,200.92,355.39
4.03,200.95,355.39
4.04,200.97,355.37
4.04,201.02,355.35
4.04,201.04,355.33
4.04,201.07,355.31
4.04,201.12,355.25
4.04,201.14,355.24
4.04,201.17,355.21
4.04,201.22,355.16
4.04,201.25,355.14
4.04,201.27,355.12
4.05,201.32,355.06
4.05,201.35,355.05
4.05,201.37,355.02
4.05,201.4,354.99
4.05,201.45,354.95
4.05,201.48,354.93
4.05,201.5,354.90
4.05,201.55,354.86
4.05,201.58,354.83
4.05,201.6,354.80
4.06,201.65,354.76
4.06,201.68,354.74
4.06,201.71,354.71
4.06,201.76,354.67
4.06,201.78,354.64
4.06,201.83,354.60
4.06,201.89,354.55
4.06,201.94,354.51
4.06,201.99,354.45
4.06,202.04,354.41
4.07,202.06,354.38
4.07,202.12,354.34
4.07,202.17,354.29
4.07,202.22,354.25
4.07,202.27,354.19
4.07,202.32,354.15
4.07,202.37,354.10
4.07,202.42,354.06
4.07,202.47,354.00
4.07,202.52,353.96
4.08,202.56,353.91
4.08,202.57,353.88
4.08,202.6,353.84
4.08,202.62,353.79
4.08,202.64,353.75
4.08,202.66,353.69
4.08,202.69,353.64
4.08,202.71,353.60
4.08,202.73,353.54
4.08,202.75,353.50
4.09,202.78,353.45
4.09,202.79,353.42
4.09,202.81,353.38
4.09,202.83,353.33
4.09,202.86,353.27
4.09,202.88,353.23
4.09,202.9,353.18
4.09,202.92,353.12
4.09,202.95,353.08
4.09,202.97,353.03
4.1,202.99,352.99
4.1,203.01,352.93
4.1,203.04,352.88
4.1,203.06,352.84
4.1,203.07,352.81
4.1,203.09,352.76
4.1,203.12,352.72
4.1,203.14,352.66
4.1,203.16,352.62
4.1,203.18,352.57
4.11,203.21,352.51
4.11,203.23,352.47
4.11,203.25,352.42
4.11,203.27,352.36
4.11,203.29,352.31
4.11,203.31,352.26
4.11,203.32,352.19
4.11,203.34,352.13
4.11,203.36,352.08
4.11,203.38,352.02
4.12,203.39,352.00
4.12,203.41,351.94
4.12,203.43,351.89
4.12,203.45,351.83
4.12,203.46,351.77
4.12,203.48,351.71
4.12,203.5,351.66
4.12,203.52,351.60
4.12,203.54,351.55
4.12,203.56,351.50
4.13,203.58,351.44
4.13,203.59,351.37
4.13,203.61,351.32
4.13,203.63,351.27
4.13,203.65,351.21
4.13,203.66,351.18
4.13,203.68,351.13
4.13,203.7,351.08
4.13,203.72,351.02
4.13,203.73,350.95
4.14,203.75,350.90
4.14,203.77,350.85
4.14,203.79,350.79
4.14,203.82,350.75
4.14,203.85,350.71
4.14,203.88,350.67
4.14,203.91,350.64
4.14,203.94,350.60
4.14,203.97,350.57
4.14,204,350.53
4.15,204.03,350.51
4.15,204.04,350.48
4.15,204.07,350.45
4.15,204.1,350.41
4.15,204.13,350.37
4.15,204.16,350.34
4.15,204.19,350.30
4.15,204.22,350.28
4.15,204.26,350.23
4.15,204.29,350.19
4.16,204.32,350.17
4.16,204.35,350.13
4.16,204.38,350.10
4.16,204.41,350.06
4.16,204.42,350.05
4.16,204.45,350.00
4.16,204.48,349.96
4.16,204.51,349.94
4.16,204.54,349.90
4.16,204.57,349.87
4.17,204.6,349.83
4.17,204.63,349.80
4.17,204.66,349.76
4.17,204.69,349.72
4.17,204.71,349.71
4.17,204.75,349.69
4.17,204.8,349.68
4.17,204.84,349.67
4.17,204.88,349.65
4.17,204.93,349.64
4.18,204.97,349.64
4.18,205.01,349.62
4.18,205.05,349.61
4.18,205.1,349.60
4.18,205.12,349.58
4.18,205.16,349.57
4.18,205.21,349.56
4.18,205.25,349.56
4.18,205.29,349.54
4.18,205.33,349.53
4.19,205.38,349.52
4.19,205.42,349.50
4.19,205.46,349.49
4.19,205.51,349.48
4.19,205.55,349.46
4.19,205.59,349.45
4.19,205.64,349.43
4.19,205.68,349.42
4.19,205.72,349.41
4.19,205.76,349.41
4.2,205.81,349.39
4.2,205.85,349.38
4.2,205.89,349.37
4.2,205.94,349.35
4.2,205.98,349.34
4.2,206.01,349.35
4.2,206.07,349.37
4.2,206.13,349.38
4.2,206.2,349.41
4.2,206.26,349.42
4.21,206.32,349.45
4.21,206.38,349.46
4.21,206.44,349.48
4.21,206.5,349.50
4.21,206.57,349.52
4.21,206.63,349.54
4.21,206.69,349.56
4.21,206.75,349.57
4.21,206.81,349.60
4.21,206.87,349.61
4.22,206.94,349.64
4.22,207,349.65
4.22,207.06,349.67
4.22,207.12,349.69
4.22,207.18,349.71
4.22,207.24,349.72
4.22,207.31,349.75
4.22,207.37,349.76
4.22,207.43,349.79
4.22,207.49,349.80
4.23,207.55,349.81
4.23,207.61,349.84
4.23,207.68,349.86
4.23,207.74,349.88
4.23,207.8,349.90
4.23,207.84,349.92
4.23,207.93,349.98
4.23,208.01,350.03
4.23,208.09,350.09
4.23,208.18,350.14
4.24,208.26,350.19
4.24,208.35,350.25
4.24,208.43,350.32
4.24,208.52,350.37
4.24,208.6,350.42
4.24,208.68,350.48
4.24,208.77,350.53
4.24,208.85,350.59
4.24,208.94,350.64
4.24,209.02,350.70
4.25,209.1,350.75
4.25,209.19,350.80
4.25,209.27,350.86
4.25,209.36,350.91
4.25,209.44,350.97
4.25,209.52,351.02
4.25,209.61,351.08
4.25,209.65,351.12
4.25,209.74,351.17
4.25,209.82,351.22
4.26,209.9,351.28
4.26,209.99,351.33
4.26,210.07,351.39
4.26,210.16,351.44
4.26,210.24,351.50
4.26,210.34,351.58
4.26,210.45,351.67
4.26,210.55,351.75
4.26,210.66,351.85
4.26,210.76,351.93
4.27,210.86,352.02
4.27,210.97,352.11
4.27,211.02,352.15
4.27,211.13,352.24
4.27,211.23,352.32
4.27,211.33,352.42
4.27,211.44,352.50
4.27,211.54,352.59
4.27,211.65,352.68
4.27,211.75,352.76
4.28,211.85,352.85
4.28,211.96,352.93
4.28,212.06,353.03
4.28,212.17,353.11
4.28,212.27,353.20
4.28,212.37,353.29
4.28,212.48,353.38
4.28,212.53,353.42
4.28,212.64,353.50
4.28,212.74,353.60
4.29,212.84,353.68
4.29,212.95,353.77
4.29,213.05,353.85
4.29,213.16,353.95
4.29,213.26,354.03
4.29,213.38,354.14
4.29,213.5,354.26
4.29,213.63,354.37
4.29,213.75,354.49
4.29,213.87,354.60
4.3,213.99,354.72
4.3,214.11,354.83
4.3,214.18,354.89
4.3,214.3,355.01
4.3,214.42,355.12
4.3,214.54,355.24
4.3,214.66,355.35
4.3,214.79,355.47
4.3,214.91,355.58
4.3,215.03,355.70
4.31,215.15,355.81
4.31,215.27,355.93
4.31,215.4,356.04
4.31,215.52,356.15
4.31,215.64,356.27
4.31,215.7,356.32
4.31,215.82,356.44
4.31,215.95,356.55
4.31,216.07,356.66
4.31,216.19,356.78
4.32,216.31,356.89
4.32,216.43,357.01
4.32,216.56,357.12
4.32,216.68,357.24
4.32,216.8,357.37
4.32,216.87,357.42
4.32,217,357.54
4.32,217.13,357.68
4.32,217.25,357.80
4.32,217.38,357.92
4.33,217.51,358.04
4.33,217.64,358.18
4.33,217.77,358.30
4.33,217.9,358.42
4.33,218.03,358.55
4.33,218.09,358.61
4.33,218.22,358.74
4.33,218.35,358.87
4.33,218.48,358.99
4.33,218.6,359.12
4.34,218.73,359.24
4.34,218.86,359.36
4.34,218.99,359.50
4.34,219.12,359.62
4.34,219.25,359.74
4.34,219.31,359.81
4.34,219.44,359.93
4.34,219.57,360.05
4.34,219.7,360.19
4.34,219.83,360.31
4.35,219.96,360.43
4.35,220.08,360.55
4.35,220.21,360.69
4.35,220.34,360.81
4.35,220.47,360.93
4.35,220.53,360.99
4.35,220.66,361.11
4.35,220.79,361.23
4.35,220.92,361.35
4.35,221.05,361.46
4.36,221.17,361.58
4.36,221.3,361.71
4.36,221.43,361.83
4.36,221.56,361.94
4.36,221.68,362.06
4.36,221.75,362.11
4.36,221.88,362.23
4.36,222,362.36
4.36,222.13,362.48
4.36,222.26,362.60
4.37,222.39,362.71
4.37,222.52,362.83
4.37,222.64,362.95
4.37,222.71,363.01
4.37,222.84,363.13
4.37,222.96,363.25
4.37,223.09,363.36
4.37,223.22,363.48
4.37,223.35,363.60
4.37,223.47,363.73
4.38,223.6,363.83
4.38,223.67,363.90
4.38,223.79,364.01
4.38,223.92,364.13
4.38,224.05,364.25
4.38,224.18,364.38
4.38,224.31,364.50
4.38,224.44,364.62
4.38,224.51,364.69
4.38,224.64,364.81
4.39,224.77,364.93
4.39,224.9,365.07
4.39,225.03,365.19
4.39,225.16,365.31
4.39,225.29,365.43
4.39,225.42,365.56
4.39,225.49,365.62
4.39,225.62,365.75
4.39,225.75,365.87
4.39,225.88,365.99
4.4,226.01,366.11
4.4,226.14,366.25
4.4,226.27,366.37
4.4,226.34,366.42
4.4,226.47,366.55
4.4,226.6,366.68
4.4,226.73,366.80
4.4,226.86,366.93
4.4,226.99,367.05
4.4,227.06,367.11
4.41,227.19,367.24
4.41,227.32,367.36
4.41,227.45,367.48
4.41,227.58,367.60
4.41,227.71,367.72
4.41,227.78,367.79
4.41,227.92,367.93
4.41,228.06,368.06
4.41,228.2,368.20
4.41,228.34,368.34
4.42,228.49,368.47
4.42,228.56,368.54
4.42,228.7,368.67
4.42,228.84,368.82
4.42,228.98,368.96
4.42,229.12,369.09
4.42,229.26,369.23
4.42,229.33,369.30
4.42,229.47,369.43
4.42,229.61,369.57
4.43,229.76,369.70
4.43,229.9,369.84
4.43,230.04,369.98
4.43,230.18,370.11
4.43,230.25,370.18
4.43,230.39,370.31
4.43,230.53,370.45
4.43,230.67,370.59
4.43,230.81,370.73
4.43,230.95,370.87
4.44,231.02,370.94
4.44,231.17,371.07
4.44,231.31,371.21
4.44,231.45,371.34
4.44,231.59,371.48
4.44,231.73,371.62
4.44,231.8,371.67
4.44,231.93,371.79
4.44,232.07,371.91
4.44,232.2,372.04
4.45,232.33,372.16
4.45,232.47,372.28
4.45,232.54,372.35
4.45,232.67,372.47
4.45,232.8,372.59
4.45,232.94,372.71
4.45,233.07,372.84
4.45,233.21,372.96
4.45,233.27,373.01
4.45,233.41,373.13
4.46,233.54,373.26
4.46,233.68,373.38
4.46,233.81,373.50
4.46,233.88,373.57
4.46,234.01,373.69
4.46,234.15,373.81
4.46,234.28,373.93
4.46,234.41,374.06
4.46,234.48,374.11
4.46,234.61,374.23
4.47,234.75,374.35
4.47,234.88,374.48
4.47,235.02,374.60
4.47,235.08,374.67
4.47,235.22,374.79
4.47,235.35,374.91
4.47,235.49,375.03
4.47,235.63,375.15
4.47,235.77,375.29
4.47,235.84,375.34
4.48,235.98,375.48
4.48,236.12,375.60
4.48,236.26,375.74
4.48,236.4,375.86
4.48,236.47,375.93
4.48,236.61,376.06
4.48,236.75,376.19
4.48,236.89,376.32
4.48,237.03,376.44
4.48,237.1,376.51
4.49,237.24,376.63
4.49,237.38,376.77
4.49,237.52,376.89
4.49,237.66,377.03
4.49,237.8,377.15
4.49,237.87,377.22
4.49,238.01,377.35
4.49,238.15,377.47
4.49,238.29,377.61
4.49,238.43,377.73
4.5,238.57,377.87
4.5,238.64,377.92
4.5,238.78,378.06
4.5,238.92,378.18
4.5,239.06,378.31
4.5,239.2,378.44
4.5,239.33,378.56
4.5,239.4,378.61
4.5,239.52,378.71
4.5,239.65,378.82
4.51,239.77,378.92
4.51,239.9,379.03
4.51,240.02,379.13
4.51,240.09,379.18
4.51,240.21,379.29
4.51,240.34,379.40
4.51,240.46,379.49
4.51,240.59,379.60
4.51,240.71,379.71
4.51,240.78,379.76
4.52,240.9,379.86
4.52,241.03,379.97
4.52,241.15,380.08
4.52,241.21,380.12
4.52,241.34,380.23
4.52,241.47,380.33
4.52,241.59,380.44
4.52,241.65,380.48
4.52,241.78,380.59
4.52,241.9,380.70
4.53,242.03,380.81
4.53,242.09,380.85
4.53,242.22,380.96
4.53,242.34,381.07
4.53,242.47,381.17
4.53,242.53,381.22
4.53,242.66,381.32
4.53,242.78,381.43
4.53,242.9,381.53
4.53,242.96,381.57
4.54,243.08,381.66
4.54,243.21,381.76
4.54,243.33,381.85
4.54,243.39,381.91
4.54,243.51,382.00
4.54,243.63,382.10
4.54,243.75,382.19
4.54,243.81,382.23
4.54,243.93,382.33
4.54,244.06,382.42
4.55,244.18,382.52
4.55,244.24,382.57
4.55,244.36,382.67
4.55,244.48,382.76
4.55,244.6,382.86
4.55,244.72,382.95
4.55,244.79,383.01
4.55,244.91,383.10
4.55,245.03,383.19
4.55,245.15,383.29
4.56,245.27,383.38
4.56,245.39,383.48
4.56,245.45,383.52
4.56,245.57,383.62
4.56,245.7,383.71
4.56,245.82,383.80
4.56,245.94,383.90
4.56,246.05,383.98
4.56,246.1,384.01
4.56,246.2,384.08
4.57,246.3,384.13
4.57,246.4,384.20
4.57,246.49,384.25
4.57,246.59,384.32
4.57,246.64,384.35
4.57,246.74,384.42
4.57,246.84,384.47
4.57,246.94,384.52
4.57,247.04,384.59
4.57,247.14,384.65
4.58,247.19,384.69
4.58,247.29,384.74
4.58,247.38,384.81
4.58,247.48,384.86
4.58,247.53,384.89
4.58,247.63,384.96
4.58,247.73,385.01
4.58,247.83,385.08
4.58,247.88,385.11
4.58,247.98,385.16
4.59,248.08,385.23
4.59,248.13,385.26
4.59,248.23,385.32
4.59,248.32,385.38
4.59,248.42,385.45
4.59,248.47,385.47
4.59,248.57,385.53
4.59,248.67,385.59
4.59,248.72,385.62
4.59,248.8,385.65
4.6,248.88,385.68
4.6,248.92,385.69
4.6,249,385.72
4.6,249.08,385.76
4.6,249.16,385.78
4.6,249.2,385.80
4.6,249.28,385.83
4.6,249.36,385.85
4.6,249.4,385.87
4.6,249.48,385.89
4.61,249.56,385.92
4.61,249.64,385.95
4.61,249.68,385.96
4.61,249.76,385.99
4.61,249.85,386.03
4.61,249.93,386.06
4.61,249.97,386.07
4.61,250.05,386.10
4.61,250.13,386.12
4.61,250.21,386.15
4.62,250.29,386.18
4.62,250.33,386.19
4.62,250.41,386.22
4.62,250.49,386.25
4.62,250.57,386.29
4.62,250.65,386.31
4.62,250.69,386.33
4.62,250.77,386.35
4.62,250.85,386.38
4.62,250.94,386.44
4.63,251.04,386.48
4.63,251.08,386.50
4.63,251.18,386.56
4.63,251.27,386.60
4.63,251.36,386.65
4.63,251.45,386.69
4.63,251.5,386.72
4.63,251.59,386.77
4.63,251.69,386.81
4.63,251.78,386.87
4.64,251.87,386.92
4.64,251.92,386.94
4.64,252.01,386.99
4.64,252.1,387.05
4.64,252.2,387.09
4.64,252.29,387.14
4.64,252.34,387.15
4.64,252.43,387.21
4.64,252.52,387.26
4.64,252.62,387.30
4.65,252.66,387.33
4.65,252.76,387.38
4.65,252.85,387.42
4.65,252.94,387.48
4.65,252.99,387.51
4.65,253.08,387.55
4.65,253.17,387.60
4.65,253.27,387.64
4.65,253.36,387.70
4.65,253.41,387.72
4.66,253.51,387.78
4.66,253.6,387.83
4.66,253.7,387.89
4.66,253.75,387.91
4.66,253.85,387.97
4.66,253.94,388.02
4.66,254.04,388.08
4.66,254.09,388.10
4.66,254.19,388.16
4.66,254.28,388.21
4.67,254.38,388.27
4.67,254.43,388.29
4.67,254.53,388.35
4.67,254.63,388.40
4.67,254.72,388.44
4.67,254.77,388.47
4.67,254.87,388.52
4.67,254.97,388.58
4.67,255.06,388.63
4.67,255.11,388.66
4.68,255.21,388.71
4.68,255.31,388.77
4.68,255.36,388.79
4.68,255.45,388.85
4.68,255.55,388.90
4.68,255.65,388.96
4.68,255.7,388.98
4.68,255.79,389.04
4.68,255.89,389.09
4.68,255.94,389.12
4.69,256.05,389.19
4.69,256.16,389.26
4.69,256.21,389.30
4.69,256.32,389.36
4.69,256.43,389.43
4.69,256.54,389.50
4.69,256.6,389.53
4.69,256.7,389.61
4.69,256.81,389.68
4.69,256.87,389.70
4.7,256.98,389.77
4.7,257.09,389.84
4.7,257.2,389.91
4.7,257.25,389.95
4.7,257.36,390.01
4.7,257.47,390.08
4.7,257.52,390.12
4.7,257.63,390.19
4.7,257.74,390.26
4.7,257.85,390.33
4.71,257.91,390.35
4.71,258.02,390.42
4.71,258.12,390.50
4.71,258.23,390.57
4.71,258.29,390.60
4.71,258.4,390.67
4.71,258.51,390.73
4.71,258.62,390.80
4.71,258.67,390.84
4.71,258.78,390.91
4.72,258.91,391.00
4.72,258.97,391.06
4.72,259.1,391.15
4.72,259.23,391.26
4.72,259.36,391.36
4.72,259.43,391.41
4.72,259.56,391.51
4.72,259.69,391.60
4.72,259.82,391.71
4.72,259.88,391.75
4.73,260.02,391.86
4.73,260.14,391.95
4.73,260.27,392.05
4.73,260.34,392.10
4.73,260.47,392.20
4.73,260.6,392.31
4.73,260.73,392.40
4.73,260.8,392.46
4.73,260.92,392.55
4.73,261.06,392.66
4.74,261.18,392.75
4.74,261.25,392.81
4.74,261.38,392.90
4.74,261.51,393.00
4.74,261.64,393.11
4.74,261.71,393.15
4.74,261.84,393.25
4.74,261.97,393.35
4.74,262.1,393.44
4.74,262.22,393.54
4.75,262.28,393.58
4.75,262.4,393.68
4.75,262.52,393.76
4.75,262.65,393.85
4.75,262.71,393.89
4.75,262.83,393.97
4.75,262.95,394.05
4.75,263.07,394.15
4.75,263.13,394.19
4.75,263.25,394.27
4.76,263.38,394.37
4.76,263.5,394.45
4.76,263.56,394.49
4.76,263.68,394.58
4.76,263.8,394.67
4.76,263.92,394.76
4.76,263.98,394.80
4.76,264.1,394.88
4.76,264.23,394.98
4.76,264.35,395.06
4.77,264.41,395.10
4.77,264.53,395.19
4.77,264.65,395.28
4.77,264.71,395.32
4.77,264.83,395.40
4.77,264.96,395.49
4.77,265.02,395.53
4.77,265.14,395.61
4.77,265.26,395.71
4.77,265.37,395.78
4.78,265.42,395.80
4.78,265.53,395.87
4.78,265.63,395.93
4.78,265.68,395.95
4.78,265.79,396.01
4.78,265.89,396.08
4.78,265.95,396.10
4.78,266.05,396.16
4.78,266.15,396.21
4.78,266.26,396.28
4.79,266.31,396.31
4.79,266.41,396.36
4.79,266.52,396.43
4.79,266.57,396.45
4.79,266.67,396.51
4.79,266.78,396.56
4.79,266.83,396.59
4.79,266.94,396.66
4.79,267.04,396.71
4.79,267.14,396.77
4.8,267.2,396.81
4.8,267.3,396.86
4.8,267.4,396.92
4.8,267.51,396.97
4.8,267.56,397.01
4.8,267.67,397.06
4.8,267.77,397.12
4.8,267.87,397.19
4.8,267.93,397.21
4.8,268.03,397.27
4.81,268.12,397.30
4.81,268.16,397.32
4.81,268.25,397.35
4.81,268.33,397.38
4.81,268.42,397.42
4.81,268.47,397.43
4.81,268.55,397.46
4.81,268.64,397.50
4.81,268.73,397.53
4.81,268.77,397.54
4.82,268.86,397.58
4.82,268.94,397.61
4.82,269.03,397.65
4.82,269.07,397.66
4.82,269.16,397.69
4.82,269.25,397.72
4.82,269.29,397.74
4.82,269.38,397.77
4.82,269.47,397.80
4.82,269.55,397.84
4.83,269.6,397.85
4.83,269.68,397.88
4.83,269.77,397.92
4.83,269.81,397.93
4.83,269.9,397.96
4.83,269.99,398.00
4.83,270.03,398.01
4.83,270.12,398.04
4.83,270.21,398.08
4.83,270.28,398.10
4.84,270.31,398.10
4.84,270.38,398.10
4.84,270.44,398.10
4.84,270.47,398.10
4.84,270.54,398.08
4.84,270.6,398.08
4.84,270.63,398.08
4.84,270.7,398.08
4.84,270.76,398.08
4.84,270.83,398.08
4.85,270.86,398.08
4.85,270.92,398.08
4.85,270.99,398.08
4.85,271.02,398.08
4.85,271.08,398.07
4.85,271.14,398.07
4.85,271.18,398.07
4.85,271.24,398.07
4.85,271.3,398.07
4.85,271.37,398.07
4.86,271.4,398.07
4.86,271.46,398.07
4.86,271.53,398.07
4.86,271.56,398.07
4.86,271.62,398.05
4.86,271.69,398.05
4.86,271.72,398.05
4.86,271.78,398.05
4.86,271.85,398.05
4.86,271.92,398.05
4.87,271.95,398.07
4.87,272.03,398.08
4.87,272.1,398.08
4.87,272.14,398.10
4.87,272.21,398.11
4.87,272.28,398.11
4.87,272.32,398.12
4.87,272.39,398.12
4.87,272.47,398.14
4.87,272.54,398.15
4.88,272.58,398.15
4.88,272.65,398.16
4.88,272.72,398.18
4.88,272.76,398.18
4.88,272.83,398.19
4.88,272.91,398.20
4.88,272.94,398.20
4.88,273.02,398.22
4.88,273.09,398.23
4.88,273.16,398.24
4.89,273.2,398.24
4.89,273.27,398.26
4.89,273.35,398.27
4.89,273.42,398.27
4.89,273.46,398.29
4.89,273.53,398.30
4.89,273.6,398.30
4.89,273.64,398.31
4.89,273.71,398.33
4.89,273.78,398.33
4.9,273.84,398.31
4.9,273.87,398.31
4.9,273.93,398.30
4.9,273.99,398.30
4.9,274.02,398.30
4.9,274.08,398.29
4.9,274.15,398.29
4.9,274.21,398.27
4.9,274.24,398.27
4.9,274.3,398.26
4.91,274.36,398.26
4.91,274.42,398.24
4.91,274.45,398.24
4.91,274.51,398.24
4.91,274.57,398.23
4.91,274.6,398.23
4.91,274.66,398.22
4.91,274.72,398.22
4.91,274.75,398.20
4.91,274.81,398.20
4.92,274.87,398.19
4.92,274.91,398.19
4.92,274.97,398.19
4.92,275.03,398.18
4.92,275.06,398.18
4.92,275.12,398.16
4.92,275.18,398.16
4.92,275.21,398.16
4.92,275.27,398.15
4.92,275.33,398.15
4.93,275.36,398.14
4.93,275.42,398.14
4.93,275.49,398.14
4.93,275.52,398.12
4.93,275.58,398.12
4.93,275.64,398.12
4.93,275.67,398.11
4.93,275.74,398.11
4.93,275.8,398.11
4.93,275.83,398.10
4.94,275.89,398.10
4.94,275.95,398.10
4.94,275.98,398.08
4.94,276.04,398.08
4.94,276.11,398.08
4.94,276.14,398.07
4.94,276.2,398.07
4.94,276.26,398.07
4.94,276.32,398.05
4.94,276.36,398.05
4.95,276.42,398.05
4.95,276.48,398.04
4.95,276.54,398.04
4.95,276.57,398.04
4.95,276.63,398.03
4.95,276.7,398.03
4.95,276.73,398.03
4.95,276.79,398.01
4.95,276.86,398.03
4.95,276.94,398.04
4.96,276.98,398.05
4.96,277.05,398.07
4.96,277.13,398.08
4.96,277.17,398.10
4.96,277.25,398.11
4.96,277.32,398.12
4.96,277.4,398.15
4.96,277.44,398.15
4.96,277.52,398.18
4.96,277.6,398.19
4.97,277.67,398.20
4.97,277.71,398.22
4.97,277.79,398.23
4.97,277.87,398.24
4.97,277.91,398.26
4.97,277.98,398.27
4.97,278.06,398.29
4.97,278.14,398.31
4.97,278.18,398.31
4.97,278.26,398.34
4.98,278.33,398.35
4.98,278.41,398.37
4.98,278.45,398.38
4.98,278.53,398.39
4.98,278.6,398.41
4.98,278.64,398.42
4.98,278.72,398.43
4.98,278.81,398.47
4.98,278.91,398.52
4.98,278.96,398.54
4.99,279.06,398.60
4.99,279.16,398.65
4.99,279.21,398.66
4.99,279.31,398.72
4.99,279.4,398.77
4.99,279.5,398.81
4.99,279.55,398.84
4.99,279.65,398.90
4.99,279.75,398.94
4.99,279.85,398.99
5,279.9,399.02
5,280,399.07
5,280.1,399.11
5,280.15,399.14
5,280.25,399.19
5,280.35,399.23
5,280.4,399.26
5,280.5,399.32
5,280.6,399.36
5,280.69,399.41
5.01,280.74,399.44
5.01,280.84,399.48
5.01,280.94,399.53
5.01,280.99,399.56
5.01,281.09,399.61
5.01,281.19,399.65
5.01,281.24,399.68
5.01,281.3,399.68
5.01,281.37,399.68
5.01,281.4,399.67
5.02,281.46,399.67
5.02,281.53,399.67
5.02,281.56,399.67
5.02,281.62,399.67
5.02,281.69,399.65
5.02,281.75,399.65
5.02,281.78,399.65
5.02,281.85,399.65
5.02,281.91,399.64
5.02,281.94,399.64
5.03,282.01,399.64
5.03,282.07,399.64
5.03,282.11,399.64
5.03,282.17,399.63
5.03,282.23,399.63
5.03,282.27,399.63
5.03,282.33,399.63
5.03,282.39,399.63
5.03,282.46,399.61
5.03,282.49,399.61
5.04,282.55,399.61
5.04,282.62,399.61
5.04,282.65,399.61
5.04,282.71,399.60
5.04,282.78,399.60
5.04,282.81,399.60
5.04,282.93,399.63
5.04,283.05,399.65
5.04,283.11,399.68
5.04,283.23,399.71
5.05,283.35,399.74
5.05,283.41,399.75
5.05,283.53,399.78
5.05,283.65,399.80
5.05,283.77,399.84
5.05,283.83,399.86
5.05,283.95,399.88
5.05,284.07,399.91
5.05,284.13,399.93
5.05,284.25,399.95
5.06,284.3,399.98
5.06,284.36,399.99
5.06,284.42,400.01
5.06,284.54,400.03
5.06,284.6,400.05
5.06,284.66,400.06
5.06,284.72,400.07
5.06,284.78,400.09
5.06,284.84,400.10
5.06,284.9,400.13
5.07,285.02,400.16
5.07,285.08,400.17
5.07,285.14,400.18
5.07,285.2,400.20
5.07,285.26,400.21
5.07,285.32,400.22
5.07,285.38,400.24
5.07,285.5,400.28
5.07,285.56,400.29
5.07,285.62,400.31
5.08,285.68,400.32
5.08,285.74,400.33
5.08,285.78,400.33
5.08,285.82,400.35
5.08,285.85,400.35
5.08,285.93,400.36
5.08,285.97,400.37
5.08,286.01,400.37
5.08,286.04,400.39
5.08,286.08,400.39
5.09,286.12,400.40
5.09,286.16,400.40
5.09,286.23,400.41
5.09,286.27,400.41
5.09,286.31,400.43
5.09,286.35,400.43
5.09,286.38,400.44
5.09,286.42,400.44
5.09,286.46,400.45
5.09,286.54,400.47
5.1,286.57,400.47
5.1,286.61,400.48
5.1,286.65,400.48
5.1,286.73,400.50
5.1,286.76,400.50
5.1,286.84,400.51
5.1,286.92,400.52
5.1,286.99,400.54
5.1,287.03,400.55
5.1,287.1,400.56
5.11,287.18,400.56
5.11,287.22,400.58
5.11,287.29,400.59
5.11,287.37,400.60
5.11,287.45,400.62
5.11,287.48,400.62
5.11,287.56,400.63
5.11,287.64,400.66
5.11,287.68,400.66
5.11,287.77,400.68
5.12,287.85,400.71
5.12,287.93,400.73
5.12,287.97,400.74
5.12,288.06,400.77
5.12,288.14,400.78
5.12,288.18,400.79
5.12,288.26,400.82
5.12,288.34,400.83
5.12,288.43,400.86
5.12,288.47,400.87
5.13,288.55,400.89
5.13,288.63,400.92
5.13,288.67,400.93
5.13,288.76,400.96
5.13,288.84,400.97
5.13,288.88,400.98
5.13,288.96,401.01
5.13,289.04,401.02
5.13,289.13,401.05
5.13,289.17,401.06
5.14,289.25,401.08
5.14,289.33,401.11
5.14,289.38,401.12
5.14,289.46,401.13
5.14,289.54,401.16
5.14,289.57,401.16
5.14,289.62,401.15
5.14,289.68,401.13
5.14,289.71,401.12
5.14,289.76,401.11
5.15,289.82,401.09
5.15,289.85,401.09
5.15,289.9,401.08
5.15,289.96,401.06
5.15,290.02,401.05
5.15,290.04,401.05
5.15,290.1,401.04
5.15,290.16,401.02
5.15,290.18,401.01
5.15,290.24,401.00
5.16,290.29,400.98
5.16,290.32,400.98
5.16,290.38,400.97
5.16,290.43,400.96
5.16,290.46,400.96
5.16,290.52,400.94
5.16,290.57,400.93
5.16,290.6,400.92
5.16,290.66,400.90
5.16,290.71,400.89
5.17,290.74,400.89
5.17,290.8,400.87
5.17,290.85,400.86
5.17,290.91,400.85
5.17,290.95,400.85
5.17,291.02,400.86
5.17,291.1,400.87
5.17,291.13,400.87
5.17,291.21,400.89
5.17,291.28,400.90
5.18,291.32,400.90
5.18,291.39,400.92
5.18,291.47,400.92
5.18,291.51,400.93
5.18,291.58,400.94
5.18,291.65,400.94
5.18,291.69,400.96
5.18,291.77,400.96
5.18,291.84,400.97
5.18,291.88,400.97
5.19,291.95,400.98
5.19,292.03,401.00
5.19,292.1,401.01
5.19,292.14,401.01
5.19,292.21,401.02
5.19,292.29,401.02
5.19,292.32,401.04
5.19,292.4,401.04
5.19,292.47,401.05
5.19,292.55,401.06
5.2,292.59,401.06
5.2,292.66,401.08
5.2,292.73,401.09
5.2,292.77,401.09
5.2,292.84,401.11
5.2,292.92,401.12
5.2,292.99,401.13
5.2,293.03,401.13
5.2,293.1,401.15
5.2,293.17,401.16
5.21,293.21,401.16
5.21,293.28,401.17
5.21,293.36,401.19
5.21,293.43,401.19
5.21,293.47,401.20
5.21,293.54,401.20
5.21,293.61,401.21
5.21,293.65,401.23
5.21,293.72,401.23
5.21,293.8,401.24
5.22,293.83,401.25
5.22,293.91,401.25
5.22,293.98,401.27
5.22,294.02,401.28
5.22,294.09,401.28
5.22,294.16,401.29
5.22,294.2,401.31
5.22,294.27,401.31
5.22,294.35,401.32
5.22,294.42,401.34
5.23,294.45,401.34
5.23,294.52,401.34
5.23,294.59,401.34
5.23,294.62,401.34
5.23,294.69,401.34
5.23,294.75,401.34
5.23,294.79,401.34
5.23,294.85,401.34
5.23,294.92,401.34
5.23,294.95,401.34
5.24,295.02,401.34
5.24,295.08,401.34
5.24,295.12,401.34
5.24,295.18,401.34
5.24,295.25,401.34
5.24,295.28,401.34
5.24,295.35,401.34
5.24,295.42,401.34
5.24,295.48,401.34
5.24,295.52,401.34
5.25,295.58,401.34
5.25,295.65,401.34
5.25,295.68,401.34
5.25,295.75,401.34
5.25,295.81,401.34
5.25,295.88,401.34
5.25,295.91,401.34
5.25,295.98,401.34
5.25,296.05,401.35
5.25,296.09,401.35
5.26,296.17,401.36
5.26,296.24,401.38
5.26,296.32,401.39
5.26,296.35,401.39
5.26,296.43,401.40
5.26,296.5,401.42
5.26,296.54,401.42
5.26,296.62,401.43
5.26,296.69,401.44
5.26,296.77,401.44
5.27,296.8,401.46
5.27,296.88,401.47
5.27,296.95,401.48
5.27,296.99,401.48
5.27,297.07,401.50
5.27,297.14,401.51
5.27,297.22,401.51
5.27,297.25,401.53
5.27,297.33,401.54
5.27,297.4,401.54
5.28,297.44,401.55
5.28,297.52,401.57
5.28,297.59,401.57
5.28,297.63,401.58
5.28,297.7,401.59
5.28,297.78,401.61
5.28,297.86,401.62
5.28,297.91,401.63
5.28,297.99,401.66
5.28,298.07,401.67
5.29,298.11,401.69
5.29,298.19,401.72
5.29,298.28,401.74
5.29,298.32,401.74
5.29,298.4,401.77
5.29,298.48,401.80
5.29,298.57,401.81
5.29,298.61,401.82
5.29,298.69,401.85
5.29,298.77,401.86
5.3,298.81,401.88
5.3,298.9,401.91
5.3,298.98,401.92
5.3,299.02,401.93
5.3,299.1,401.96
5.3,299.18,401.97
5.3,299.23,401.99
5.3,299.31,402.01
5.3,299.39,402.03
5.3,299.43,402.04
5.31,299.51,402.07
5.31,299.6,402.08
5.31,299.68,402.11
5.31,299.73,402.12
5.31,299.82,402.15
5.31,299.91,402.19
5.31,299.95,402.20
5.31,300.04,402.23
5.31,300.13,402.26
5.31,300.18,402.27
5.32,300.27,402.31
5.32,300.36,402.34
5.32,300.4,402.35
5.32,300.49,402.38
5.32,300.58,402.42
5.32,300.63,402.43
5.32,300.72,402.46
5.32,300.81,402.49
5.32,300.86,402.50
5.32,300.95,402.54
5.33,301.04,402.57
5.33,301.13,402.60
5.33,301.17,402.61
5.33,301.26,402.65
5.33,301.35,402.68
5.33,301.4,402.69
5.33,301.49,402.72
5.33,301.58,402.75
5.33,301.62,402.77
5.33,301.71,402.80
5.34,301.81,402.83
5.34,301.9,402.87
5.34,301.95,402.88
5.34,302.04,402.92
5.34,302.13,402.95
5.34,302.18,402.96
5.34,302.27,403.00
5.34,302.36,403.03
5.34,302.41,403.06
5.34,302.5,403.08
5.35,302.6,403.13
5.35,302.69,403.15
5.35,302.74,403.17
5.35,302.83,403.21
5.35,302.92,403.25
5.35,302.97,403.26
5.35,303.06,403.29
5.35,303.16,403.33
5.35,303.25,403.36
5.35,303.3,403.38
5.36,303.39,403.41
5.36,303.48,403.45
5.36,303.57,403.48
5.36,303.62,403.49
5.36,303.71,403.53
5.36,303.81,403.56
5.36,303.9,403.60
5.36,303.96,403.64
5.36,304.08,403.71
5.36,304.21,403.78
5.37,304.33,403.86
5.37,304.39,403.88
5.37,304.51,403.97
5.37,304.63,404.03
5.37,304.76,404.10
5.37,304.82,404.14
5.37,304.94,404.21
5.37,305.06,404.28
5.37,305.18,404.36
5.37,305.24,404.39
5.38,305.37,404.47
5.38,305.49,404.54
5.38,305.55,404.58
5.38,305.67,404.64
5.38,305.73,404.68
5.38,305.85,404.75
5.38,305.98,404.82
5.38,306.04,404.86
5.38,306.16,404.93
5.38,306.22,404.97
5.39,306.34,405.04
5.39,306.47,405.10
5.39,306.53,405.15
5.39,306.65,405.21
5.39,306.77,405.29
5.39,306.84,405.34
5.39,306.97,405.42
5.39,307.03,405.46
5.39,307.16,405.54
5.39,307.29,405.62
5.4,307.36,405.66
5.4,307.49,405.74
5.4,307.55,405.78
5.4,307.68,405.86
5.4,307.81,405.95
5.4,307.88,405.99
5.4,308.01,406.07
5.4,308.07,406.11
5.4,308.2,406.18
5.4,308.33,406.26
5.41,308.39,406.30
5.41,308.52,406.38
5.41,308.65,406.46
5.41,308.78,406.54
5.41,308.85,406.58
5.41,308.98,406.66
5.41,309.11,406.75
5.41,309.17,406.79
5.41,309.3,406.87
5.41,309.43,406.95
5.42,309.5,406.99
5.42,309.63,407.07
5.42,309.76,407.15
5.42,309.89,407.25
5.42,309.96,407.29
5.42,310.09,407.37
5.42,310.22,407.45
5.42,310.29,407.50
5.42,310.42,407.59
5.42,310.56,407.67
5.43,310.62,407.71
5.43,310.76,407.80
5.43,310.89,407.88
5.43,311.02,407.97
5.43,311.09,408.02
5.43,311.23,408.10
5.43,311.36,408.18
5.43,311.43,408.24
5.43,311.56,408.32
5.43,311.69,408.40
5.44,311.76,408.44
5.44,311.89,408.54
5.44,312.03,408.62
5.44,312.09,408.66
5.44,312.23,408.75
5.44,312.36,408.83
5.44,312.43,408.87
5.44,312.56,408.96
5.44,312.69,409.05
5.44,312.76,409.09
5.45,312.9,409.19
5.45,313.04,409.28
5.45,313.11,409.32
5.45,313.25,409.42
5.45,313.39,409.50
5.45,313.46,409.55
5.45,313.6,409.65
5.45,313.74,409.73
5.45,313.81,409.78
5.45,313.95,409.86
5.46,314.09,409.96
5.46,314.16,410.01
5.46,314.3,410.09
5.46,314.44,410.19
5.46,314.51,410.23
5.46,314.65,410.32
5.46,314.79,410.42
5.46,314.86,410.46
5.46,315,410.56
5.46,315.14,410.65
5.47,315.21,410.69
5.47,315.35,410.79
5.47,315.42,410.83
5.47,315.56,410.92
5.47,315.7,411.02
5.47,315.77,411.06
5.47,315.91,411.15
5.47,316.1,411.30
5.47,316.19,411.38
5.47,316.38,411.53
5.48,316.56,411.68
5.48,316.66,411.75
5.48,316.85,411.91
5.48,317.03,412.06
5.48,317.13,412.13
5.48,317.31,412.28
5.48,317.41,412.36
5.48,317.59,412.51
5.48,317.78,412.66
5.48,317.87,412.74
5.49,318.06,412.89
5.49,318.25,413.04
5.49,318.34,413.10
5.49,318.53,413.27
5.49,318.72,413.42
5.49,318.81,413.48
5.49,319,413.63
5.49,319.18,413.78
5.49,319.28,413.86
5.49,319.47,414.01
5.5,319.65,414.16
5.5,319.75,414.24
5.5,319.93,414.39
5.5,320.12,414.54
5.5,320.21,414.61
5.5,320.39,414.76
5.5,320.58,414.91
5.5,320.67,414.98
5.5,320.85,415.11
5.5,321.03,415.26
5.51,321.12,415.33
5.51,321.31,415.48
5.51,321.49,415.63
5.51,321.58,415.69
5.51,321.76,415.84
5.51,321.95,415.98
5.51,322.04,416.06
5.51,322.22,416.20
5.51,322.4,416.34
5.51,322.49,416.41
5.52,322.68,416.56
5.52,322.86,416.70
5.52,322.95,416.78
5.52,323.13,416.91
5.52,323.23,417.00
5.52,323.41,417.13
5.52,323.59,417.28
5.52,323.68,417.35
5.52,323.86,417.50
5.52,324.05,417.63
5.53,324.14,417.71
5.53,324.31,417.84
5.53,324.39,417.90
5.53,324.56,418.03
5.53,324.72,418.13
5.53,324.8,418.20
5.53,324.97,418.31
5.53,325.13,418.43
5.53,325.21,418.50
5.53,325.38,418.61
5.54,325.46,418.68
5.54,325.62,418.79
5.54,325.79,418.91
5.54,325.87,418.97
5.54,326.03,419.08
5.54,326.2,419.21
5.54,326.28,419.26
5.54,326.44,419.38
5.54,326.53,419.45
5.54,326.69,419.56
5.55,326.85,419.68
5.55,326.94,419.73
5.55,327.1,419.86
5.55,327.18,419.92
5.55,327.35,420.03
5.55,327.51,420.15
5.55,327.59,420.21
5.55,327.76,420.33
5.55,327.92,420.45
5.55,328.02,420.53
5.56,328.23,420.70
5.56,328.33,420.79
5.56,328.53,420.95
5.56,328.74,421.12
5.56,328.84,421.20
5.56,329.04,421.37
5.56,329.15,421.46
5.56,329.35,421.62
5.56,329.56,421.78
5.56,329.66,421.86
5.57,329.86,422.04
5.57,329.97,422.12
5.57,330.17,422.28
5.57,330.37,422.45
5.57,330.48,422.53
5.57,330.68,422.70
5.57,330.78,422.78
5.57,330.99,422.95
5.57,331.09,423.03
5.57,331.3,423.21
5.58,331.5,423.37
5.58,331.6,423.45
5.58,331.81,423.61
5.58,331.91,423.69
5.58,332.11,423.87
5.58,332.22,423.95
5.58,332.42,424.11
5.58,332.59,424.24
5.58,332.68,424.29
5.58,332.84,424.41
5.59,332.93,424.48
5.59,333.1,424.60
5.59,333.18,424.66
5.59,333.36,424.78
5.59,333.52,424.90
5.59,333.61,424.97
5.59,333.78,425.09
5.59,333.86,425.14
5.59,334.04,425.27
5.59,334.12,425.33
5.6,334.29,425.44
5.6,334.46,425.56
5.6,334.54,425.63
5.6,334.72,425.75
5.6,334.89,425.88
5.6,334.97,425.93
5.6,335.14,426.05
5.6,335.22,426.12
5.6,335.4,426.24
5.6,335.56,426.36
5.61,335.65,426.42
5.61,335.82,426.54
5.61,335.99,426.66
5.61,336.08,426.73
5.61,336.26,426.87
5.61,336.36,426.95
5.61,336.57,427.11
5.61,336.78,427.27
5.61,336.88,427.35
5.61,337.08,427.52
5.62,337.29,427.68
5.62,337.39,427.76
5.62,337.6,427.92
5.62,337.7,428.00
5.62,337.9,428.17
5.62,338.11,428.33
5.62,338.21,428.41
5.62,338.42,428.57
5.62,338.62,428.75
5.62,338.72,428.83
5.63,338.93,428.99
5.63,339.03,429.08
5.63,339.24,429.24
5.63,339.34,429.32
5.63,339.54,429.48
5.63,339.75,429.65
5.63,339.85,429.73
5.63,340.06,429.89
5.63,340.16,429.97
5.63,340.36,430.13
5.64,340.46,430.21
5.64,340.67,430.38
5.64,340.82,430.47
5.64,340.9,430.53
5.64,341.05,430.62
5.64,341.13,430.66
5.64,341.28,430.76
5.64,341.36,430.81
5.64,341.51,430.91
5.64,341.66,431.00
5.65,341.74,431.06
5.65,341.89,431.15
5.65,341.96,431.19
5.65,342.12,431.29
5.65,342.19,431.34
5.65,342.34,431.43
5.65,342.5,431.53
5.65,342.57,431.58
5.65,342.73,431.68
5.65,342.8,431.72
5.66,342.95,431.81
5.66,343.03,431.87
5.66,343.18,431.96
5.66,343.33,432.06
5.66,343.41,432.11
5.66,343.56,432.21
5.66,343.64,432.25
5.66,343.79,432.34
5.66,343.87,432.40
5.66,344.02,432.49
5.67,344.21,432.63
5.67,344.31,432.70
5.67,344.5,432.84
5.67,344.59,432.91
5.67,344.78,433.05
5.67,344.88,433.12
5.67,345.07,433.27
5.67,345.26,433.40
5.67,345.35,433.47
5.67,345.55,433.62
5.68,345.64,433.69
5.68,345.83,433.82
5.68,345.93,433.89
5.68,346.12,434.04
5.68,346.31,434.17
5.68,346.4,434.24
5.68,346.59,434.38
5.68,346.69,434.46
5.68,346.88,434.59
5.68,347.07,434.73
5.69,347.17,434.80
5.69,347.36,434.95
5.69,347.45,435.01
5.69,347.64,435.15
5.69,347.83,435.30
5.69,347.93,435.37
5.69,348.12,435.50
5.69,348.18,435.53
5.69,348.3,435.58
5.69,348.36,435.61
5.7,348.48,435.66
5.7,348.6,435.72
5.7,348.66,435.75
5.7,348.78,435.80
5.7,348.84,435.83
5.7,348.96,435.88
5.7,349.08,435.94
5.7,349.14,435.96
5.7,349.26,436.02
5.7,349.32,436.04
5.71,349.44,436.10
5.71,349.57,436.17
5.71,349.63,436.19
5.71,349.75,436.25
5.71,349.81,436.28
5.71,349.93,436.33
5.71,349.99,436.36
5.71,350.11,436.41
5.71,350.17,436.44
5.71,350.29,436.49
5.72,350.35,436.52
5.72,350.47,436.57
5.72,350.53,436.60
5.72,350.65,436.65
5.72,350.77,436.71
5.72,350.83,436.74
5.72,350.95,436.78
5.72,351.01,436.80
5.72,351.12,436.86
5.72,351.18,436.89
5.73,351.3,436.93
5.73,351.36,436.95
5.73,351.48,437.01
5.73,351.54,437.03
5.73,351.66,437.08
5.73,351.72,437.10
5.73,351.83,437.16
5.73,351.89,437.17
5.73,352.01,437.22
5.73,352.13,437.28
5.74,352.19,437.31
5.74,352.31,437.35
5.74,352.36,437.37
5.74,352.48,437.43
5.74,352.54,437.44
5.74,352.66,437.50
5.74,352.72,437.52
5.74,352.84,437.56
5.74,352.9,437.59
5.74,353.01,437.64
5.75,353.07,437.67
5.75,353.19,437.71
5.75,353.31,437.77
5.75,353.37,437.79
5.75,353.5,437.86
5.75,353.57,437.89
5.75,353.7,437.96
5.75,353.76,437.98
5.75,353.89,438.05
5.75,353.95,438.08
5.76,354.08,438.13
5.76,354.15,438.17
5.76,354.28,438.23
5.76,354.34,438.25
5.76,354.47,438.32
5.76,354.53,438.35
5.76,354.66,438.42
5.76,354.79,438.47
5.76,354.86,438.51
5.76,354.98,438.57
5.77,355.05,438.61
5.77,355.18,438.66
5.77,355.31,438.73
5.77,355.37,438.76
5.77,355.5,438.81
5.77,355.56,438.85
5.77,355.69,438.91
5.77,355.82,438.97
5.77,355.89,439.00
5.77,356.02,439.07
5.78,356.08,439.10
5.78,356.17,439.10
5.78,356.21,439.11
5.78,356.29,439.11
5.78,356.38,439.12
5.78,356.42,439.12
5.78,356.51,439.12
5.78,356.55,439.12
5.78,356.63,439.14
5.78,356.72,439.14
5.79,356.76,439.14
5.79,356.85,439.15
5.79,356.89,439.15
5.79,356.98,439.15
5.79,357.06,439.16
5.79,357.1,439.16
5.79,357.19,439.18
5.79,357.23,439.18
5.79,357.32,439.18
5.79,357.36,439.18
5.8,357.44,439.19
5.8,357.49,439.19
5.8,357.57,439.20
5.8,357.61,439.20
5.8,357.7,439.20
5.8,357.74,439.20
5.8,357.83,439.22
5.8,357.9,439.20
5.8,357.93,439.20
5.8,358,439.18
5.81,358.03,439.18
5.81,358.09,439.15
5.81,358.12,439.14
5.81,358.18,439.12
5.81,358.22,439.11
5.81,358.28,439.10
5.81,358.31,439.08
5.81,358.37,439.07
5.81,358.4,439.05
5.81,358.47,439.04
5.82,358.5,439.03
5.82,358.56,439.01
5.82,358.62,438.99
5.82,358.65,438.99
5.82,358.72,438.96
5.82,358.75,438.95
5.82,358.81,438.93
5.82,358.84,438.92
5.82,358.91,438.91
5.82,358.94,438.89
5.83,359,438.88
5.83,359.06,438.85
5.83,359.09,438.85
5.83,359.16,438.82
5.83,359.19,438.82
5.83,359.23,438.78
5.83,359.25,438.74
5.83,359.28,438.69
5.83,359.29,438.65
5.83,359.32,438.58
5.84,359.35,438.53
5.84,359.36,438.49
5.84,359.39,438.43
5.84,359.4,438.39
5.84,359.43,438.34
5.84,359.44,438.30
5.84,359.47,438.24
5.84,359.49,438.20
5.84,359.52,438.13
5.84,359.54,438.08
5.85,359.56,438.04
5.85,359.59,437.98
5.85,359.6,437.94
5.85,359.63,437.89
5.85,359.64,437.85
5.85,359.67,437.79
5.85,359.68,437.75
5.85,359.71,437.70
5.85,359.74,437.63
5.85,359.75,437.59
5.86,359.78,437.54
5.86,359.8,437.50
5.86,359.86,437.48
5.86,359.9,437.48
5.86,359.99,437.50
5.86,360.04,437.51
5.86,360.13,437.52
5.86,360.22,437.54
5.86,360.27,437.55
5.86,360.36,437.56
5.87,360.41,437.58
5.87,360.5,437.59
5.87,360.55,437.60
5.87,360.64,437.62
5.87,360.68,437.62
5.87,360.78,437.64
5.87,360.87,437.66
5.87,360.91,437.66
5.87,361,437.67
5.87,361.05,437.69
5.88,361.14,437.70
5.88,361.19,437.71
5.88,361.28,437.73
5.88,361.33,437.74
5.88,361.42,437.75
5.88,361.51,437.77
5.88,361.56,437.78
5.88,361.65,437.79
5.88,361.69,437.79
5.88,361.76,437.79
5.89,361.79,437.77
5.89,361.83,437.73
5.89,361.86,437.71
5.89,361.9,437.67
5.89,361.95,437.63
5.89,361.97,437.60
5.89,362.02,437.56
5.89,362.04,437.55
5.89,362.09,437.51
5.89,362.11,437.48
5.9,362.16,437.44
5.9,362.18,437.43
5.9,362.22,437.39
5.9,362.27,437.35
5.9,362.29,437.33
5.9,362.34,437.29
5.9,362.36,437.26
5.9,362.41,437.22
5.9,362.43,437.21
5.9,362.48,437.17
5.91,362.5,437.14
5.91,362.55,437.10
5.91,362.59,437.06
5.91,362.62,437.05
5.91,362.66,437.01
5.91,362.69,436.98
5.91,362.73,436.95
5.91,362.76,436.93
5.91,362.8,436.89
5.91,362.82,436.87
5.92,362.87,436.83
5.92,362.91,436.79
5.92,362.94,436.76
5.92,362.98,436.74
5.92,363,436.71
5.92,363.05,436.67
5.92,363.07,436.65
5.92,363.12,436.61
5.92,363.14,436.59
5.92,363.18,436.55
5.93,363.23,436.52
5.93,363.25,436.49
5.93,363.3,436.45
5.93,363.32,436.44
5.93,363.37,436.40
5.93,363.39,436.37
5.93,363.43,436.34
5.93,363.46,436.32
5.93,363.5,436.28
5.93,363.55,436.23
5.94,363.57,436.22
5.94,363.61,436.18
5.94,363.64,436.15
5.94,363.65,436.07
5.94,363.63,436.00
5.94,363.6,435.88
5.94,363.59,435.81
5.94,363.56,435.69
5.94,363.53,435.56
5.94,363.51,435.49
5.95,363.48,435.37
5.95,363.47,435.30
5.95,363.44,435.18
5.95,363.43,435.11
5.95,363.4,434.97
5.95,363.38,434.92
5.95,363.35,434.78
5.95,363.32,434.66
5.95,363.31,434.59
5.95,363.28,434.46
5.96,363.26,434.40
5.96,363.24,434.27
5.96,363.22,434.20
5.96,363.19,434.08
5.96,363.16,433.94
5.96,363.15,433.89
5.96,363.12,433.75
5.96,363.1,433.69
5.96,363.07,433.56
5.96,363.1,433.50
5.97,363.14,433.50
5.97,363.22,433.51
5.97,363.26,433.51
5.97,363.34,433.51
5.97,363.38,433.52
5.97,363.46,433.52
5.97,363.55,433.52
5.97,363.59,433.52
5.97,363.67,433.54
5.97,363.71,433.54
5.98,363.79,433.54
5.98,363.83,433.55
5.98,363.91,433.55
5.98,363.99,433.55
5.98,364.03,433.56
5.98,364.11,433.56
5.98,364.15,433.56
5.98,364.23,433.58
5.98,364.27,433.58
5.98,364.36,433.58
5.99,364.4,433.58
5.99,364.48,433.59
5.99,364.52,433.59
5.99,364.6,433.59
5.99,364.64,433.59
5.99,364.72,433.60
5.99,364.76,433.60
5.99,364.72,433.47
5.99,364.7,433.39
5.99,364.65,433.25
6,364.63,433.18
6,364.59,433.03
6,364.57,432.97
6,364.52,432.83
6,364.5,432.75
6,364.46,432.61
6,364.44,432.55
6,364.4,432.40
6,364.37,432.33
6,364.33,432.19
6.01,364.29,432.04
6.01,364.27,431.98
6.01,364.22,431.84
6.01,364.2,431.76
6.01,364.16,431.62
6.01,364.14,431.56
6.01,364.09,431.41
6.01,364.05,431.27
6.01,364.03,431.20
6.01,363.99,431.06
6.02,363.97,430.99
6.02,363.92,430.84
6.02,363.88,430.70
6.02,363.91,430.69
6.02,363.98,430.68
6.02,364.01,430.68
6.02,364.08,430.66
6.02,364.11,430.65
6.02,364.17,430.63
6.02,364.24,430.62
6.03,364.27,430.62
6.03,364.34,430.61
6.03,364.37,430.59
6.03,364.44,430.58
6.03,364.47,430.58
6.03,364.53,430.57
6.03,364.6,430.55
6.03,364.63,430.54
6.03,364.7,430.53
6.03,364.76,430.51
6.04,364.8,430.51
6.04,364.86,430.50
6.04,364.89,430.49
6.04,364.96,430.47
6.04,365.02,430.46
6.04,365.06,430.46
6.04,365.12,430.45
6.04,365.19,430.43
6.04,365.22,430.42
6.04,365.16,430.26
6.05,365.09,430.08
6.05,365.06,430.00
6.05,364.99,429.83
6.05,364.93,429.67
6.05,364.9,429.59
6.05,364.83,429.41
6.05,364.8,429.33
6.05,364.73,429.17
6.05,364.67,429.01
6.05,364.64,428.93
6.06,364.57,428.76
6.06,364.54,428.67
6.06,364.5,428.59
6.06,364.47,428.51
6.06,364.44,428.42
6.06,364.41,428.34
6.06,364.38,428.26
6.06,364.34,428.18
6.06,364.31,428.09
6.06,364.28,428.00
6.07,364.21,427.84
6.07,364.18,427.76
6.07,364.15,427.68
6.07,364.12,427.60
6.07,364.08,427.52
6.07,364.05,427.44
6.07,364.02,427.34
6.07,363.98,427.26
6.07,363.95,427.18
6.07,363.92,427.10
6.08,363.93,427.04
6.08,363.95,427.00
6.08,363.96,426.95
6.08,363.98,426.91
6.08,363.99,426.85
6.08,364,426.80
6.08,364.02,426.76
6.08,364.03,426.70
6.08,364.05,426.66
6.08,364.06,426.61
6.09,364.09,426.51
6.09,364.1,426.46
6.09,364.11,426.40
6.09,364.13,426.36
6.09,364.14,426.31
6.09,364.16,426.27
6.09,364.17,426.21
6.09,364.18,426.16
6.09,364.2,426.12
6.09,364.21,426.07
6.1,364.24,425.97
6.1,364.25,425.92
6.1,364.28,425.82
6.1,364.3,425.78
6.1,364.32,425.67
6.1,364.35,425.58
6.1,364.36,425.52
6.1,364.39,425.43
6.1,364.41,425.39
6.1,364.43,425.28
6.11,364.46,425.18
6.11,364.48,425.14
6.11,364.5,425.06
6.11,364.52,425.04
6.11,364.55,424.98
6.11,364.58,424.93
6.11,364.59,424.91
6.11,364.62,424.86
6.11,364.64,424.83
6.11,364.67,424.78
6.12,364.7,424.72
6.12,364.71,424.70
6.12,364.74,424.64
6.12,364.76,424.62
6.12,364.78,424.56
6.12,364.81,424.52
6.12,364.83,424.49
6.12,364.86,424.44
6.12,364.89,424.38
6.12,364.9,424.36
6.13,364.93,424.30
6.13,364.95,424.28
6.13,364.98,424.22
6.13,365.01,424.18
6.13,365.02,424.15
6.13,365.05,424.10
6.13,365.08,424.05
6.13,365.07,423.99
6.13,365.05,423.88
6.13,365.03,423.77
6.14,365.02,423.72
6.14,365,423.61
6.14,364.98,423.50
6.14,364.98,423.46
6.14,364.96,423.35
6.14,364.95,423.30
6.14,364.93,423.19
6.14,364.91,423.08
6.14,364.9,423.03
6.14,364.88,422.92
6.15,364.86,422.81
6.15,364.85,422.76
6.15,364.83,422.65
6.15,364.82,422.59
6.15,364.8,422.49
6.15,364.79,422.39
6.15,364.78,422.34
6.15,364.76,422.23
6.15,364.75,422.17
6.15,364.73,422.07
6.16,364.71,421.96
6.16,364.7,421.90
6.16,364.71,421.82
6.16,364.72,421.81
6.16,364.76,421.75
6.16,364.79,421.71
6.16,364.81,421.69
6.16,364.84,421.65
6.16,364.86,421.63
6.16,364.89,421.58
6.17,364.93,421.54
6.17,364.94,421.51
6.17,364.98,421.47
6.17,365,421.44
6.17,365.03,421.40
6.17,365.06,421.36
6.17,365.08,421.33
6.17,365.12,421.29
6.17,365.15,421.24
6.17,365.17,421.23
6.18,365.2,421.17
6.18,365.23,421.13
6.18,365.25,421.12
6.18,365.28,421.06
6.18,365.32,421.02
6.18,365.34,421.00
6.18,365.37,420.95
6.18,365.34,420.83
6.18,365.32,420.76
6.18,365.29,420.64
6.19,365.25,420.52
6.19,365.24,420.47
6.19,365.2,420.34
6.19,365.17,420.22
6.19,365.16,420.15
6.19,365.12,420.03
6.19,365.09,419.91
6.19,365.07,419.86
6.19,365.04,419.73
6.19,365.01,419.60
6.2,364.99,419.54
6.2,364.96,419.42
6.2,364.94,419.35
6.2,364.91,419.23
6.2,364.88,419.11
6.2,364.86,419.06
6.2,364.83,418.93
6.2,364.81,418.87
6.2,364.78,418.74
6.2,364.74,418.62
6.21,364.73,418.57
6.21,364.74,418.50
6.21,364.77,418.49
6.21,364.83,418.47
6.21,364.89,418.46
6.21,364.93,418.46
6.21,364.99,418.45
6.21,365.02,418.43
6.21,365.08,418.42
6.21,365.14,418.42
6.22,365.17,418.41
6.22,365.23,418.39
6.22,365.26,418.39
6.22,365.33,418.38
6.22,365.39,418.36
6.22,365.42,418.35
6.22,365.48,418.34
6.22,365.54,418.34
6.22,365.57,418.32
6.22,365.63,418.31
6.23,365.66,418.31
6.23,365.73,418.30
6.23,365.79,418.28
6.23,365.82,418.27
6.23,365.88,418.26
6.23,365.91,418.22
6.23,365.91,418.17
6.23,365.91,418.09
6.23,365.91,418.05
6.23,365.91,417.97
6.24,365.91,417.89
6.24,365.91,417.85
6.24,365.91,417.77
6.24,365.91,417.69
6.24,365.91,417.65
6.24,365.91,417.56
6.24,365.91,417.52
6.24,365.91,417.44
6.24,365.91,417.36
6.24,365.91,417.32
6.25,365.91,417.24
6.25,365.91,417.16
6.25,365.91,417.12
6.25,365.91,417.04
6.25,365.91,416.95
6.25,365.91,416.91
6.25,365.91,416.83
6.25,365.91,416.75
6.25,365.91,416.71
6.25,365.91,416.63
6.26,365.88,416.51
6.26,365.86,416.45
6.26,365.83,416.33
6.26,365.8,416.21
6.26,365.78,416.15
6.26,365.75,416.03
6.26,365.72,415.92
6.26,365.7,415.86
6.26,365.67,415.75
6.26,365.64,415.63
6.27,365.62,415.57
6.27,365.59,415.45
6.27,365.56,415.33
6.27,365.54,415.27
6.27,365.51,415.15
6.27,365.48,415.03
6.27,365.46,414.98
6.27,365.43,414.85
6.27,365.42,414.80
6.27,365.39,414.68
6.28,365.35,414.55
6.28,365.34,414.50
6.28,365.31,414.38
6.28,365.3,414.30
6.28,365.32,414.27
6.28,365.34,414.23
6.28,365.36,414.20
6.28,365.38,414.15
6.28,365.41,414.11
6.28,365.42,414.08
6.29,365.45,414.03
6.29,365.47,413.99
6.29,365.48,413.96
6.29,365.51,413.90
6.29,365.52,413.89
6.29,365.55,413.84
6.29,365.58,413.78
6.29,365.59,413.77
6.29,365.62,413.71
6.29,365.64,413.66
6.3,365.65,413.65
6.3,365.68,413.59
6.3,365.69,413.57
6.3,365.72,413.52
6.3,365.74,413.47
6.3,365.76,413.44
6.3,365.78,413.40
6.3,365.81,413.35
6.3,365.82,413.32
6.3,365.83,413.25
6.31,365.84,413.21
6.31,365.85,413.16
6.31,365.86,413.09
6.31,365.87,413.05
6.31,365.88,412.98
6.31,365.9,412.93
6.31,365.9,412.89
6.31,365.92,412.82
6.31,365.92,412.79
6.31,365.94,412.72
6.32,365.95,412.66
6.32,365.96,412.63
6.32,365.97,412.56
6.32,365.98,412.49
6.32,365.99,412.47
6.32,366,412.40
6.32,366.01,412.37
6.32,366.02,412.30
6.32,366.04,412.24
6.32,366.04,412.21
6.33,366.06,412.14
6.33,366.07,412.07
6.33,366.1,412.06
6.33,366.15,412.05
6.33,366.18,412.03
6.33,366.23,412.02
6.33,366.28,412.01
6.33,366.31,411.99
6.33,366.36,411.98
6.33,366.42,411.95
6.34,366.44,411.95
6.34,366.5,411.92
6.34,366.52,411.92
6.34,366.58,411.90
6.34,366.63,411.88
6.34,366.66,411.87
6.34,366.71,411.86
6.34,366.76,411.84
6.34,366.79,411.83
6.34,366.84,411.82
6.35,366.9,411.79
6.35,366.95,411.78
6.35,366.98,411.76
6.35,367.03,411.75
6.35,367.08,411.73
6.35,367.11,411.72
6.35,367.09,411.63
6.35,367.08,411.53
6.35,367.07,411.48
6.35,367.05,411.38
6.36,367.04,411.29
6.36,367.02,411.18
6.36,367.01,411.14
6.36,367,411.04
6.36,366.98,410.93
6.36,366.97,410.89
6.36,366.96,410.79
6.36,366.94,410.69
6.36,366.93,410.65
6.36,366.91,410.54
6.37,366.9,410.45
6.37,366.89,410.41
6.37,366.87,410.30
6.37,366.87,410.26
6.37,366.85,410.16
6.37,366.83,410.05
6.37,366.82,410.01
6.37,366.81,409.92
6.37,366.81,409.84
6.37,366.83,409.82
6.38,366.86,409.77
6.38,366.87,409.76
6.38,366.9,409.70
6.38,366.93,409.66
6.38,366.94,409.63
6.38,366.97,409.59
6.38,367,409.55
6.38,367.02,409.52
6.38,367.04,409.48
6.38,367.06,409.46
6.39,367.09,409.42
6.39,367.12,409.36
6.39,367.13,409.35
6.39,367.16,409.29
6.39,367.19,409.25
6.39,367.2,409.23
6.39,367.23,409.19
6.39,367.26,409.15
6.39,367.27,409.12
6.39,367.3,409.08
6.4,367.33,409.02
6.4,367.35,409.01
6.4,367.37,408.96
6.4,367.37,408.93
6.4,367.39,408.86
6.4,367.4,408.81
6.4,367.41,408.78
6.4,367.42,408.72
6.4,367.44,408.66
6.4,367.45,408.63
6.41,367.46,408.58
6.41,367.47,408.52
6.41,367.48,408.48
6.41,367.5,408.43
6.41,367.51,408.37
6.41,367.52,408.35
6.41,367.53,408.28
6.41,367.55,408.22
6.41,367.55,408.20
6.41,367.57,408.14
6.42,367.58,408.07
6.42,367.6,408.02
6.42,367.6,407.99
6.42,367.62,407.92
6.42,367.63,407.87
6.42,367.64,407.84
6.42,367.67,407.80
6.42,367.7,407.75
6.42,367.71,407.74
6.42,367.74,407.69
6.43,367.77,407.64
6.43,367.8,407.60
6.43,367.81,407.57
6.43,367.84,407.53
6.43,367.87,407.49
6.43,367.89,407.46
6.43,367.92,407.42
6.43,367.94,407.38
6.43,367.96,407.36
6.43,367.99,407.31
6.44,368.02,407.27
6.44,368.03,407.25
6.44,368.06,407.21
6.44,368.09,407.15
6.44,368.1,407.14
6.44,368.13,407.10
6.44,368.16,407.04
6.44,368.18,407.03
6.44,368.17,406.95
6.44,368.15,406.88
6.45,368.12,406.77
6.45,368.08,406.65
6.45,368.06,406.60
6.45,368.02,406.47
6.45,367.98,406.37
6.45,367.97,406.31
6.45,367.93,406.19
6.45,367.89,406.07
6.45,367.87,406.01
6.45,367.84,405.90
6.46,367.8,405.78
6.46,367.78,405.73
6.46,367.74,405.61
6.46,367.7,405.48
6.46,367.67,405.38
6.46,367.65,405.32
6.46,367.61,405.20
6.46,367.57,405.08
6.46,367.54,404.97
6.46,367.52,404.92
6.47,367.48,404.79
6.47,367.46,404.70
6.47,367.46,404.66
6.47,367.44,404.56
6.47,367.43,404.48
6.47,367.41,404.39
6.47,367.4,404.35
6.47,367.39,404.25
6.47,367.37,404.16
6.47,367.36,404.07
6.48,367.35,404.02
6.48,367.34,403.93
6.48,367.32,403.84
6.48,367.31,403.79
6.48,367.3,403.71
6.48,367.28,403.61
6.48,367.27,403.57
6.48,367.26,403.48
6.48,367.24,403.38
6.48,367.24,403.34
6.49,367.22,403.25
6.49,367.21,403.17
6.49,367.2,403.11
6.49,367.19,403.03
6.49,367.19,402.99
6.49,367.18,402.92
6.49,367.18,402.84
6.49,367.18,402.80
6.49,367.17,402.72
6.49,367.17,402.64
6.5,367.17,402.61
6.5,367.16,402.53
6.5,367.16,402.45
6.5,367.16,402.41
6.5,367.16,402.33
6.5,367.15,402.26
6.5,367.15,402.22
6.5,367.15,402.14
6.5,367.14,402.05
6.5,367.14,401.99
6.51,367.14,401.95
6.51,367.13,401.86
6.51,367.13,401.78
6.51,367.13,401.72
6.51,367.12,401.67
6.51,367.12,401.59
6.51,367.13,401.54
6.51,367.14,401.50
6.51,367.15,401.44
6.51,367.16,401.39
6.52,367.17,401.32
6.52,367.18,401.29
6.52,367.19,401.23
6.52,367.2,401.17
6.52,367.21,401.12
6.52,367.22,401.08
6.52,367.23,401.02
6.52,367.24,400.97
6.52,367.25,400.93
6.52,367.26,400.87
6.53,367.27,400.82
6.53,367.28,400.78
6.53,367.29,400.73
6.53,367.3,400.66
6.53,367.31,400.63
6.53,367.32,400.58
6.53,367.33,400.51
6.53,367.33,400.48
6.53,367.34,400.41
6.53,367.34,400.39
6.54,367.34,400.31
6.54,367.34,400.24
6.54,367.34,400.21
6.54,367.34,400.13
6.54,367.34,400.06
6.54,367.34,400.02
6.54,367.34,399.95
6.54,367.34,399.88
6.54,367.34,399.84
6.54,367.34,399.78
6.55,367.33,399.71
6.55,367.33,399.67
6.55,367.33,399.60
6.55,367.33,399.53
6.55,367.33,399.45
6.55,367.33,399.42
6.55,367.33,399.34
6.55,367.33,399.27
6.55,367.33,399.21
6.55,367.33,399.17
6.56,367.33,399.10
6.56,367.32,399.02
6.56,367.31,398.98
6.56,367.3,398.88
6.56,367.29,398.80
6.56,367.28,398.72
6.56,367.27,398.68
6.56,367.26,398.60
6.56,367.25,398.50
6.56,367.24,398.42
6.57,367.23,398.38
6.57,367.22,398.30
6.57,367.21,398.22
6.57,367.2,398.14
6.57,367.19,398.08
6.57,367.18,398.00
6.57,367.17,397.92
6.57,367.16,397.84
6.57,367.15,397.80
6.57,367.14,397.70
6.58,367.13,397.62
6.58,367.12,397.54
6.58,367.12,397.51
6.58,367.13,397.44
6.58,367.14,397.39
6.58,367.15,397.32
6.58,367.15,397.30
6.58,367.16,397.23
6.58,367.17,397.17
6.58,367.18,397.11
6.59,367.18,397.08
6.59,367.19,397.02
6.59,367.2,396.96
6.59,367.2,396.89
6.59,367.21,396.86
6.59,367.21,396.81
6.59,367.22,396.74
6.59,367.23,396.69
6.59,367.23,396.64
6.59,367.24,396.59
6.6,367.25,396.52
6.6,367.26,396.47
6.6,367.26,396.44
6.6,367.27,396.37
6.6,367.28,396.32
6.6,367.28,396.28
6.6,367.29,396.22
6.6,367.3,396.16
6.6,367.3,396.10
6.6,367.31,396.08
6.61,367.32,396.01
6.61,367.32,395.95
6.61,367.33,395.89
6.61,367.33,395.86
6.61,367.34,395.79
6.61,367.35,395.74
6.61,367.35,395.71
6.61,367.36,395.64
6.61,367.37,395.59
6.61,367.37,395.55
6.62,367.38,395.49
6.62,367.39,395.42
6.62,367.39,395.40
6.62,367.4,395.34
6.62,367.41,395.28
6.62,367.41,395.22
6.62,367.42,395.19
6.62,367.43,395.13
6.62,367.44,395.07
6.62,367.44,395.03
6.63,367.45,394.98
6.63,367.46,394.92
6.63,367.46,394.88
6.63,367.47,394.83
6.63,367.48,394.77
6.63,367.48,394.73
6.63,367.49,394.68
6.63,367.5,394.61
6.63,367.51,394.56
6.63,367.51,394.53
6.64,367.52,394.46
6.64,367.53,394.41
6.64,367.54,394.35
6.64,367.54,394.31
6.64,367.55,394.26
6.64,367.56,394.19
6.64,367.57,394.14
6.64,367.53,394.07
6.64,367.46,393.92
6.64,367.39,393.78
6.65,367.32,393.63
6.65,367.29,393.57
6.65,367.22,393.42
6.65,367.15,393.27
6.65,367.07,393.13
6.65,367.04,393.07
6.65,366.97,392.92
6.65,366.9,392.77
6.65,366.83,392.63
6.65,366.79,392.55
6.66,366.72,392.41
6.66,366.65,392.27
6.66,366.61,392.20
6.66,366.54,392.05
6.66,366.47,391.91
6.66,366.44,391.83
6.66,366.37,391.70
6.66,366.3,391.55
6.66,366.24,391.42
6.66,366.23,391.37
6.67,366.2,391.28
6.67,366.16,391.17
6.67,366.15,391.13
6.67,366.11,391.02
6.67,366.08,390.91
6.67,366.07,390.87
6.67,366.03,390.76
6.67,366,390.65
6.67,365.98,390.61
6.67,365.95,390.50
6.68,365.92,390.41
6.68,365.89,390.30
6.68,365.87,390.25
6.68,365.84,390.15
6.68,365.81,390.04
6.68,365.77,389.93
6.68,365.76,389.89
6.68,365.72,389.78
6.68,365.69,389.69
6.68,365.66,389.58
6.69,365.63,389.51
6.69,365.56,389.38
6.69,365.49,389.23
6.69,365.42,389.09
6.69,365.39,389.02
6.69,365.32,388.89
6.69,365.25,388.75
6.69,365.18,388.60
6.69,365.15,388.54
6.69,365.08,388.40
6.7,365.01,388.27
6.7,364.94,388.13
6.7,364.88,387.99
6.7,364.84,387.91
6.7,364.77,387.78
6.7,364.71,387.64
6.7,364.64,387.51
6.7,364.6,387.44
6.7,364.54,387.29
6.7,364.47,387.15
6.71,364.4,387.02
6.71,364.37,386.95
6.71,364.31,386.83
6.71,364.25,386.69
6.71,364.19,386.57
6.71,364.16,386.50
6.71,364.1,386.38
6.71,364.04,386.25
6.71,363.98,386.12
6.71,363.95,386.06
6.72,363.89,385.93
6.72,363.82,385.80
6.72,363.76,385.68
6.72,363.7,385.54
6.72,363.67,385.47
6.72,363.61,385.35
6.72,363.55,385.23
6.72,363.49,385.09
6.72,363.43,384.97
6.72,363.4,384.90
6.73,363.34,384.77
6.73,363.28,384.65
6.73,363.24,384.54
6.73,363.2,384.43
6.73,363.18,384.37
6.73,363.14,384.27
6.73,363.1,384.16
6.73,363.06,384.05
6.73,363.02,383.94
6.73,363,383.89
6.74,362.96,383.78
6.74,362.92,383.67
6.74,362.88,383.56
6.74,362.84,383.45
6.74,362.82,383.40
6.74,362.78,383.29
6.74,362.74,383.18
6.74,362.7,383.07
6.74,362.68,383.02
6.74,362.64,382.91
6.75,362.6,382.80
6.75,362.56,382.69
6.75,362.55,382.65
6.75,362.53,382.57
6.75,362.51,382.49
6.75,362.49,382.41
6.75,362.48,382.37
6.75,362.46,382.27
6.75,362.44,382.19
6.75,362.42,382.11
6.76,362.41,382.07
6.76,362.39,381.99
6.76,362.38,381.91
6.76,362.36,381.83
6.76,362.34,381.74
6.76,362.33,381.70
6.76,362.31,381.62
6.76,362.29,381.53
6.76,362.27,381.45
6.76,362.25,381.36
6.77,362.24,381.32
6.77,362.22,381.24
6.77,362.2,381.16
6.77,362.16,381.05
6.77,362.11,380.94
6.77,362.09,380.89
6.77,362.04,380.77
6.77,362,380.66
6.77,361.96,380.55
6.77,361.91,380.44
6.78,361.89,380.39
6.78,361.84,380.28
6.78,361.8,380.17
6.78,361.76,380.05
6.78,361.73,380.00
6.78,361.69,379.89
6.78,361.64,379.78
6.78,361.6,379.67
6.78,361.58,379.62
6.78,361.53,379.51
6.79,361.49,379.38
6.79,361.47,379.33
6.79,361.42,379.22
6.79,361.39,379.13
6.79,361.38,379.05
6.79,361.37,379.02
6.79,361.35,378.94
6.79,361.34,378.86
6.79,361.33,378.82
6.79,361.31,378.73
6.8,361.29,378.67
6.8,361.28,378.59
6.8,361.27,378.54
6.8,361.25,378.46
6.8,361.24,378.40
6.8,361.22,378.31
6.8,361.21,378.23
6.8,361.2,378.19
6.8,361.18,378.12
6.8,361.16,378.04
6.81,361.15,377.96
6.81,361.13,377.88
6.81,361.12,377.81
6.81,361.1,377.73
6.81,361.1,377.69
6.81,361.09,377.62
6.81,361.08,377.55
6.81,361.07,377.49
6.81,361.06,377.41
6.81,361.05,377.34
6.82,361.05,377.31
6.82,361.04,377.23
6.82,361.03,377.16
6.82,361.02,377.09
6.82,361.01,377.03
6.82,361,376.96
6.82,361,376.92
6.82,360.99,376.85
6.82,360.98,376.78
6.82,360.97,376.70
6.83,360.96,376.63
6.83,360.96,376.59
6.83,360.95,376.52
6.83,360.94,376.46
6.83,360.92,376.38
6.83,360.89,376.28
6.83,360.88,376.24
6.83,360.85,376.16
6.83,360.83,376.06
6.83,360.81,375.98
6.84,360.78,375.89
6.84,360.77,375.85
6.84,360.74,375.76
6.84,360.72,375.68
6.84,360.7,375.59
6.84,360.67,375.51
6.84,360.65,375.41
6.84,360.62,375.33
6.84,360.61,375.29
6.84,360.59,375.20
6.85,360.56,375.11
6.85,360.54,375.03
6.85,360.51,374.94
6.85,360.51,374.88
6.85,360.54,374.84
6.85,360.56,374.82
6.85,360.59,374.78
6.85,360.61,374.75
6.85,360.62,374.72
6.85,360.65,374.69
6.86,360.67,374.65
6.86,360.7,374.63
6.86,360.72,374.60
6.86,360.74,374.56
6.86,360.77,374.53
6.86,360.78,374.50
6.86,360.81,374.48
6.86,360.83,374.44
6.86,360.85,374.41
6.86,360.88,374.37
6.87,360.89,374.35
6.87,360.92,374.31
6.87,360.94,374.29
6.87,360.89,374.18
6.87,360.84,374.06
6.87,360.81,374.00
6.87,360.76,373.89
6.87,360.71,373.77
6.87,360.66,373.66
6.87,360.61,373.55
6.88,360.58,373.50
6.88,360.53,373.38
6.88,360.48,373.27
6.88,360.43,373.16
6.88,360.38,373.04
6.88,360.36,372.99
6.88,360.3,372.88
6.88,360.25,372.76
6.88,360.2,372.65
6.88,360.18,372.59
6.89,360.13,372.48
6.89,360.08,372.36
6.89,360.05,372.28
6.89,360.05,372.25
6.89,360.05,372.20
6.89,360.06,372.13
6.89,360.06,372.08
6.89,360.06,372.05
6.89,360.06,372.00
6.89,360.06,371.94
6.9,360.06,371.87
6.9,360.06,371.85
6.9,360.06,371.79
6.9,360.07,371.74
6.9,360.07,371.68
6.9,360.07,371.62
6.9,360.07,371.56
6.9,360.07,371.53
6.9,360.07,371.48
6.9,360.08,371.43
6.91,360.08,371.36
6.91,360.08,371.30
6.91,360.05,371.22
6.91,360,371.10
6.91,359.94,370.99
6.91,359.89,370.87
6.91,359.83,370.76
6.91,359.8,370.71
6.91,359.75,370.59
6.91,359.69,370.48
6.92,359.64,370.36
6.92,359.58,370.25
6.92,359.52,370.14
6.92,359.47,370.02
6.92,359.41,369.91
6.92,359.39,369.84
6.92,359.33,369.73
6.92,359.27,369.62
6.92,359.22,369.50
6.92,359.16,369.39
6.93,359.11,369.27
6.93,359.08,369.22
6.93,359.06,369.13
6.93,359.03,369.05
6.93,359.01,368.97
6.93,358.99,368.89
6.93,358.97,368.81
6.93,358.95,368.77
6.93,358.93,368.69
6.93,358.91,368.61
6.94,358.89,368.52
6.94,358.86,368.44
6.94,358.84,368.36
6.94,358.83,368.32
6.94,358.81,368.24
6.94,358.78,368.16
6.94,358.76,368.08
6.94,358.74,368.00
6.94,358.73,367.96
6.94,358.7,367.87
6.95,358.68,367.79
6.95,358.65,367.70
6.95,358.62,367.62
6.95,358.6,367.58
6.95,358.57,367.48
6.95,358.54,367.39
6.95,358.51,367.30
6.95,358.47,367.21
6.95,358.46,367.17
6.95,358.43,367.09
6.96,358.4,366.99
6.96,358.36,366.90
6.96,358.33,366.82
6.96,358.3,366.72
6.96,358.28,366.68
6.96,358.25,366.59
6.96,358.22,366.50
6.96,358.19,366.41
6.96,358.16,366.33
6.96,358.13,366.23
6.97,358.11,366.19
6.97,358.07,366.10
6.97,358.03,365.99
6.97,357.99,365.89
6.97,357.95,365.80
6.97,357.9,365.70
6.97,357.88,365.65
6.97,357.84,365.56
6.97,357.8,365.46
6.97,357.76,365.35
6.98,357.72,365.26
6.98,357.68,365.16
6.98,357.64,365.07
6.98,357.6,364.96
6.98,357.55,364.86
6.98,357.51,364.77
6.98,357.47,364.67
6.98,357.43,364.57
6.98,357.39,364.47
6.98,357.37,364.39
6.99,357.35,364.32
6.99,357.33,364.24
6.99,357.31,364.16
6.99,357.28,364.08
6.99,357.26,364.01
6.99,357.24,363.93
6.99,357.22,363.85
6.99,357.2,363.78
6.99,357.18,363.70
6.99,357.16,363.62
7,357.14,363.54
7,357.13,363.51
7,357.1,363.43
7,357.08,363.35
7,357.06,363.26
7,357.04,363.20
7,357.02,363.12
7,357.02,363.09
7,357.01,363.02
7,357,362.97
7.01,357,362.90
7.01,356.99,362.83
7.01,356.99,362.78
7.01,356.98,362.75
7.01,356.98,362.68
7.01,356.97,362.61
7.01,356.96,362.56
7.01,356.96,362.49
7.01,356.95,362.44
7.01,356.94,362.37
7.02,356.94,362.34
7.02,356.94,362.27
7.02,356.93,362.22
7.02,356.92,362.15
7.02,356.92,362.10
7.02,356.91,362.03
7.02,356.9,361.99
7.02,356.89,361.92
7.02,356.87,361.85
7.02,356.86,361.79
7.03,356.85,361.72
7.03,356.83,361.65
7.03,356.82,361.61
7.03,356.81,361.54
7.03,356.8,361.47
7.03,356.78,361.41
7.03,356.77,361.34
7.03,356.75,361.27
7.03,356.74,361.20
7.03,356.72,361.14
7.04,356.71,361.07
7.04,356.7,361.00
7.04,356.68,360.93
7.04,356.67,360.86
7.04,356.67,360.80
7.04,356.67,360.78
7.04,356.68,360.74
7.04,356.69,360.70
7.04,356.71,360.65
7.04,356.72,360.61
7.05,356.73,360.57
7.05,356.74,360.53
7.05,356.75,360.48
7.05,356.76,360.44
7.05,356.77,360.40
7.05,356.79,360.35
7.05,356.8,360.31
7.05,356.8,360.30
7.05,356.81,360.25
7.05,356.83,360.20
7.06,356.84,360.16
7.06,356.85,360.12
7.06,356.86,360.08
7.06,356.86,360.05
7.06,356.86,360.00
7.06,356.86,359.94
7.06,356.86,359.89
7.06,356.86,359.83
7.06,356.86,359.78
7.06,356.86,359.75
7.07,356.86,359.70
7.07,356.86,359.64
7.07,356.85,359.59
7.07,356.85,359.54
7.07,356.85,359.48
7.07,356.85,359.43
7.07,356.85,359.37
7.07,356.85,359.35
7.07,356.85,359.29
7.07,356.85,359.24
7.08,356.85,359.18
7.08,356.85,359.13
7.08,356.83,359.03
7.08,356.82,358.94
7.08,356.8,358.84
7.08,356.79,358.75
7.08,356.78,358.70
7.08,356.76,358.60
7.08,356.75,358.51
7.08,356.73,358.41
7.09,356.71,358.32
7.09,356.71,358.27
7.09,356.69,358.18
7.09,356.68,358.13
7.09,356.67,358.09
7.09,356.67,358.03
7.09,356.65,357.94
7.09,356.64,357.90
7.09,356.63,357.84
7.09,356.62,357.75
7.1,356.61,357.71
7.1,356.6,357.65
7.1,356.59,357.56
7.1,356.58,357.52
7.1,356.57,357.46
7.1,356.57,357.43
7.1,356.58,357.39
7.1,356.58,357.37
7.1,356.59,357.34
7.1,356.59,357.30
7.11,356.6,357.27
7.11,356.6,357.26
7.11,356.61,357.20
7.11,356.61,357.19
7.11,356.61,357.16
7.11,356.62,357.14
7.11,356.62,357.10
7.11,356.62,357.07
7.11,356.63,357.03
7.11,356.64,356.97
7.12,356.64,356.93
7.12,356.65,356.91
7.12,356.65,356.86
7.12,356.66,356.81
7.12,356.67,356.77
7.12,356.67,356.72
7.12,356.68,356.68
7.12,356.69,356.66
7.12,356.72,356.63
7.12,356.75,356.61
7.13,356.77,356.58
7.13,356.8,356.57
7.13,356.83,356.54
7.13,356.84,356.53
7.13,356.87,356.50
7.13,356.89,356.47
7.13,356.92,356.44
7.13,356.95,356.42
7.13,356.98,356.39
7.13,357,356.36
7.14,357.03,356.34
7.14,357.04,356.34
7.14,357.07,356.31
7.14,357.1,356.28
7.14,357.12,356.25
7.14,357.15,356.23
7.14,357.1,356.12
7.14,357.05,356.02
7.14,356.99,355.92
7.14,356.94,355.81
7.15,356.91,355.75
7.15,356.86,355.66
7.15,356.81,355.55
7.15,356.76,355.44
7.15,356.7,355.35
7.15,356.65,355.24
7.15,356.6,355.13
7.15,356.55,355.02
7.15,356.5,354.93
7.15,356.44,354.82
7.16,356.39,354.71
7.16,356.34,354.61
7.16,356.29,354.51
7.16,356.25,354.41
7.16,356.23,354.37
7.16,356.2,354.29
7.16,356.17,354.22
7.16,356.15,354.14
7.16,356.12,354.06
7.16,356.09,353.98
7.17,356.06,353.91
7.17,356.03,353.83
7.17,356,353.75
7.17,355.97,353.67
7.17,355.95,353.60
7.17,355.92,353.52
7.17,355.89,353.43
7.17,355.86,353.35
7.17,355.83,353.27
7.17,355.8,353.20
7.18,355.77,353.12
7.18,355.74,353.04
7.18,355.71,352.95
7.18,355.67,352.87
7.18,355.63,352.77
7.18,355.6,352.69
7.18,355.56,352.59
7.18,355.53,352.51
7.18,355.49,352.42
7.18,355.46,352.34
7.19,355.42,352.26
7.19,355.38,352.16
7.19,355.35,352.08
7.19,355.31,351.98
7.19,355.29,351.94
7.19,355.26,351.85
7.19,355.22,351.77
7.19,355.19,351.67
7.19,355.15,351.59
7.19,355.13,351.52
7.2,355.12,351.46
7.2,355.1,351.40
7.2,355.09,351.33
7.2,355.08,351.29
7.2,355.06,351.22
7.2,355.05,351.17
7.2,355.03,351.10
7.2,355.02,351.03
7.2,355,350.97
7.2,354.98,350.90
7.21,354.97,350.85
7.21,354.95,350.78
7.21,354.94,350.74
7.21,354.93,350.67
7.21,354.91,350.61
7.21,354.9,350.55
7.21,354.88,350.48
7.21,354.9,350.44
7.21,354.91,350.41
7.21,354.93,350.37
7.22,354.95,350.34
7.22,354.95,350.33
7.22,354.97,350.29
7.22,354.99,350.26
7.22,355,350.22
7.22,355.02,350.18
7.22,355.04,350.15
7.22,355.05,350.11
7.22,355.07,350.09
7.22,355.09,350.05
7.23,355.1,350.02
7.23,355.12,349.98
7.23,355.14,349.95
7.23,355.15,349.91
7.23,355.15,349.86
7.23,355.12,349.79
7.23,355.09,349.71
7.23,355.06,349.62
7.23,355.04,349.56
7.23,355.01,349.48
7.24,354.98,349.39
7.24,354.95,349.33
7.24,354.92,349.25
7.24,354.9,349.16
7.24,354.87,349.10
7.24,354.84,349.01
7.24,354.81,348.93
7.24,354.79,348.87
7.24,354.76,348.78
7.24,354.73,348.70
7.25,354.7,348.64
7.25,354.69,348.57
7.25,354.7,348.53
7.25,354.7,348.49
7.25,354.7,348.43
7.25,354.71,348.39
7.25,354.71,348.35
7.25,354.72,348.30
7.25,354.72,348.26
7.25,354.72,348.21
7.26,354.73,348.16
7.26,354.73,348.12
7.26,354.74,348.07
7.26,354.74,348.02
7.26,354.74,348.00
7.26,354.75,347.96
7.26,354.75,347.92
7.26,354.76,347.86
7.26,354.76,347.82
7.26,354.71,347.73
7.27,354.66,347.63
7.27,354.61,347.54
7.27,354.56,347.44
7.27,354.54,347.39
7.27,354.49,347.29
7.27,354.44,347.20
7.27,354.39,347.10
7.27,354.34,347.01
7.27,354.3,346.90
7.27,354.25,346.80
7.28,354.2,346.71
7.28,354.15,346.61
7.28,354.1,346.52
7.28,354.05,346.43
7.28,354,346.33
7.28,353.95,346.24
7.28,353.94,346.17
7.28,353.96,346.14
7.28,353.99,346.11
7.28,354.01,346.09
7.29,354.03,346.07
7.29,354.05,346.05
7.29,354.08,346.02
7.29,354.1,345.99
7.29,354.12,345.96
7.29,354.14,345.94
7.29,354.16,345.91
7.29,354.19,345.88
7.29,354.21,345.86
7.29,354.23,345.84
7.3,354.25,345.81
7.3,354.28,345.79
7.3,354.3,345.76
7.3,354.3,345.71
7.3,354.27,345.64
7.3,354.24,345.56
7.3,354.21,345.49
7.3,354.18,345.41
7.3,354.15,345.34
7.3,354.13,345.26
7.31,354.1,345.19
7.31,354.07,345.11
7.31,354.04,345.03
7.31,354.01,344.96
7.31,353.99,344.88
7.31,353.96,344.81
7.31,353.93,344.73
7.31,353.9,344.66
7.31,353.87,344.58
7.31,353.84,344.51
7.32,353.83,344.47
7.32,353.89,344.49
7.32,353.95,344.49
7.32,354.01,344.50
7.32,354.07,344.50
7.32,354.12,344.51
7.32,354.18,344.53
7.32,354.24,344.53
7.32,354.3,344.54
7.32,354.36,344.54
7.33,354.42,344.55
7.33,354.48,344.57
7.33,354.54,344.57
7.33,354.59,344.58
7.33,354.65,344.58
7.33,354.71,344.59
7.33,354.77,344.61
7.33,354.78,344.57
7.33,354.74,344.49
7.33,354.7,344.39
7.34,354.66,344.31
7.34,354.61,344.23
7.34,354.57,344.13
7.34,354.53,344.05
7.34,354.49,343.97
7.34,354.45,343.89
7.34,354.41,343.79
7.34,354.37,343.71
7.34,354.33,343.63
7.34,354.29,343.54
7.35,354.24,343.46
7.35,354.2,343.37
7.35,354.16,343.28
7.35,354.12,343.20
7.35,354.1,343.16
7.35,354.02,343.04
7.35,353.95,342.91
7.35,353.87,342.79
7.35,353.79,342.67
7.35,353.72,342.55
7.36,353.64,342.43
7.36,353.56,342.30
7.36,353.48,342.18
7.36,353.41,342.06
7.36,353.33,341.94
7.36,353.25,341.82
7.36,353.18,341.69
7.36,353.1,341.57
7.36,353.02,341.45
7.36,352.95,341.33
7.37,352.87,341.21
7.37,352.76,341.06
7.37,352.61,340.87
7.37,352.46,340.69
7.37,352.32,340.50
7.37,352.17,340.31
7.37,352.02,340.12
7.37,351.87,339.94
7.37,351.73,339.75
7.37,351.58,339.56
7.38,351.43,339.37
7.38,351.29,339.18
7.38,351.14,339.01
7.38,350.99,338.82
7.38,350.84,338.63
7.38,350.7,338.44
7.38,350.55,338.26
7.38,350.33,337.98
7.38,349.6,337.23
7.38,348.87,336.50
7.39,348.14,335.75
7.39,347.41,335.01
7.39,346.68,334.26
7.39,345.95,333.53
7.39,345.22,332.79
7.39,344.49,332.04
7.39,343.76,331.29
7.39,343.03,330.56
7.39,342.3,329.82
7.39,341.57,329.07
7.4,340.84,328.34
7.4,340.11,327.59
7.4,339.38,326.85
7.4,338.29,325.74
7.4,337.46,324.91
7.4,336.64,324.07
7.4,335.81,323.24
7.4,334.98,322.40
7.4,334.16,321.57
7.4,333.33,320.75
7.41,332.5,319.91
7.41,331.68,319.08
7.41,330.85,318.24
7.41,329.61,316.99
7.41,328.78,316.16
7.41,327.96,315.34
7.41,327.13,314.50
7.41,325.89,313.25
7.41,325.06,312.42
7.41,323.96,311.32
7.42,322.57,309.95
7.42,320.49,307.92
7.42,319.11,306.56
7.42,317.72,305.19
7.42,316.34,303.84
7.42,314.26,301.79
7.42,312.87,300.44
7.42,311.49,299.08
7.42,309.41,297.03
7.42,308.02,295.68
7.43,306.64,294.31
7.43,304.56,292.27
7.43,303.18,290.90
7.43,301.58,289.33
7.43,301.15,288.91
7.43,300.72,288.48
7.43,300.08,287.84
7.43,299.66,287.41
7.43,299.23,286.99
7.43,298.59,286.34
7.44,298.16,285.91
7.44,297.31,285.05
7.44,296.46,284.19
7.44,295.6,283.34
7.44,294.42,282.16
7.44,293.11,280.86
7.44,291.8,279.57
7.44,290.48,278.27
7.44,289.17,276.98
7.44,287.53,275.35
7.45,286.22,274.05
7.45,284.58,272.44
7.45,282.76,270.65
7.45,280.83,268.76
7.45,279.28,267.25
7.45,277.35,265.36
7.45,275.41,263.46
7.45,273.87,261.94
7.45,271.93,260.06
7.45,269.43,257.62
7.46,266.54,254.83
7.46,264.24,252.58
7.46,261.35,249.78
7.46,258.47,246.98
7.46,255,243.63
7.46,252.12,240.82
7.46,248.01,236.86
7.46,243.08,232.12
7.46,238.98,228.16
7.46,234.05,223.41
7.47,229.94,219.45
7.47,225.01,214.71
7.47,222.46,212.25
7.47,219.39,209.30
7.47,216.84,206.84
7.47,213.27,203.40
7.47,210.2,200.44
7.47,204.67,195.14
7.47,197.69,188.46
7.47,189.54,180.66
7.48,180.23,171.76
7.48,  ,
7.48,  ,
7.36,183.95,249.4
7.36,183.8,249.2
7.36,183.64,248.98
7.36,183.48,248.77
7.36,183.33,248.56
7.36,183.17,248.35
7.36,183.16,248.33
7.37,183.15,248.32
7.37,183.14,248.3
7.37,183.14,248.3
7.37,183.13,248.29
7.37,183.12,248.28
7.37,183.11,248.26
7.37,183.1,248.25
7.37,183.08,248.22
7.37,182.99,248.1
7.37,182.9,247.98
7.38,182.83,247.88
7.38,182.74,247.76
7.38,182.65,247.64
7.38,182.55,247.5
7.38,182.46,247.38
7.38,182.35,247.23
7.38,182.31,247.18
7.38,182.26,247.11
7.38,182.22,247.06
7.38,182.17,246.99
7.39,182.13,246.94
7.39,182.08,246.87
7.39,182.05,246.83
7.39,182,246.76
7.39,181.92,246.65
7.39,181.81,246.5
7.39,181.72,246.38
7.39,181.61,246.23
7.39,181.5,246.08
7.39,181.38,245.92
7.4,181.27,245.77
7.4,181.15,245.61
7.4,181.04,245.46
7.4,181.06,245.48
7.4,181.07,245.5
7.4,181.08,245.51
7.4,181.09,245.53
7.4,181.1,245.54
7.4,181.11,245.55
7.4,181.12,245.57
7.41,181.14,245.59
7.41,181.08,245.51
7.41,180.95,245.34
7.41,180.82,245.16
7.41,180.72,245.02
7.41,180.59,244.85
7.41,180.46,244.67
7.41,180.33,244.49
7.41,180.2,244.32
7.41,180.06,244.13
7.42,180.01,244.06
7.42,179.97,244.01
7.42,179.92,243.94
7.42,179.88,243.88
7.42,179.83,243.82
7.42,179.79,243.76
7.42,179.74,243.69
7.42,179.71,243.65
7.42,179.77,243.74
7.42,179.82,243.8
7.43,179.88,243.88
7.43,179.93,243.95
7.43,179.99,244.03
7.43,180.04,244.1
7.43,180.1,244.18
7.43,180.11,244.2
7.43,179.93,243.95
7.43,179.76,243.72
7.43,179.59,243.49
7.43,179.41,243.25
7.44,179.24,243.02
7.44,179.11,242.84
7.44,178.94,242.61
7.44,178.76,242.37
7.44,178.41,241.89
7.44,177.78,241.04
7.44,177.16,240.2
7.44,176.69,239.56
7.44,176.06,238.71
7.44,175.44,237.86
7.45,174.81,237.01
7.45,174.19,236.17
7.45,173.36,235.04
7.45,172.57,233.97
7.45,171.77,232.89
7.45,170.98,231.82
7.45,170.18,230.73
7.45,169.19,229.39
7.45,168.39,228.31
7.45,167.4,226.96
7.46,166.41,225.62
7.46,165.43,224.29
7.46,164.64,223.22
7.46,163.66,221.89
7.46,162.67,220.55
7.46,161.89,219.49
7.46,160.9,218.15
7.46,160.02,216.96
7.46,158.78,215.28
7.46,157.79,213.93
7.47,156.55,212.25
7.47,155.32,210.59
7.47,154.33,209.24
7.47,153.09,207.56
7.47,151.76,205.76
7.47,150.29,203.77
7.47,149.12,202.18
7.47,147.65,200.19
7.47,146.18,198.19
7.47,145,196.59
7.48,143.53,194.6
7.48,141.93,192.43
7.48,140.12,189.98
7.48,138.68,188.02
7.48,136.88,185.58
7.48,134.71,182.64
7.48,132.9,180.19
7.48,130.79,177.33
7.48,129.25,175.24
7.48,127.39,172.72
7.49,125.85,170.63
7.49,123.99,168.11
7.49,121.83,165.18
7.49,120.23,163.01
7.49,118.68,160.91
7.49,117.34,159.09
7.49,114.89,155.77
7.49,112.95,153.14
7.49,111.6,151.31
7.49,109.52,148.49
7.5,107.66,145.97
7.5,106.37,144.22
7.5,105.05,142.43
7.5,103.41,140.21
7.5,100.88,136.77
7.5,98.34,133.33
7.5,95.79,129.87
7.5,95.19,129.06
7.5,94.55,128.19
7.5,97.7,132.46
